order_item_id,order_id,product_id,quantity
1,83,54,1
2,1958,80,3
3,265,2,3
4,495,80,3
5,1064,56,2
6,1066,11,1
7,686,3,4
8,54,22,3
9,1647,86,5
10,1700,27,4
11,593,81,2
12,90,5,4
13,800,70,1
14,779,37,4
15,1863,7,2
16,684,54,5
17,1180,63,5
18,417,75,5
19,1381,12,3
20,1631,82,4
21,1774,84,2
22,1599,31,5
23,1941,63,1
24,1644,82,4
25,1390,51,2
26,524,100,1
27,578,5,3
28,1600,11,2
29,1268,33,4
30,1422,56,3
31,206,39,1
32,978,23,3
33,1124,27,2
34,87,87,4
35,1129,2,5
36,1031,39,1
37,1489,49,3
38,199,33,2
39,1225,90,2
40,149,23,5
41,1313,49,5
42,1161,93,1
43,452,52,1
44,1376,1,5
45,852,98,5
46,1635,99,2
47,110,95,4
48,1338,54,2
49,326,29,1
50,1253,58,5
51,1115,43,3
52,393,65,5
53,524,50,2
54,1375,38,5
55,528,92,2
56,1459,81,3
57,741,75,3
58,1025,83,2
59,1583,25,5
60,1356,3,1
61,448,36,2
62,1512,42,2
63,334,84,1
64,1247,29,4
65,537,33,2
66,1301,34,4
67,86,99,1
68,1770,20,4
69,1924,56,3
70,1948,47,4
71,1595,46,5
72,406,37,3
73,1639,34,4
74,1266,20,5
75,731,19,4
76,126,10,3
77,155,100,4
78,427,59,3
79,83,35,3
80,1728,1,5
81,1015,56,4
82,868,97,3
83,1911,78,4
84,1557,25,4
85,1766,51,3
86,1821,13,1
87,1960,94,2
88,1446,44,3
89,1165,55,4
90,253,49,1
91,889,78,2
92,231,30,4
93,786,23,2
94,451,80,1
95,1419,45,3
96,1036,57,2
97,775,81,4
98,1154,24,1
99,1032,26,2
100,1563,17,1
101,561,72,1
102,11,48,3
103,1704,28,1
104,1911,40,2
105,261,9,2
106,1208,54,3
107,1568,17,1
108,1845,25,2
109,1233,54,2
110,1601,51,5
111,1738,63,2
112,1236,9,4
113,498,27,1
114,1398,20,2
115,1844,25,5
116,1258,90,2
117,1123,34,1
118,1577,97,5
119,1879,48,1
120,729,68,3
121,368,85,5
122,962,56,5
123,1879,74,5
124,453,17,5
125,1207,16,4
126,1519,55,3
127,459,57,5
128,1947,51,3
129,1372,73,2
130,108,99,1
131,753,80,4
132,331,85,4
133,1174,48,3
134,320,59,2
135,1119,62,5
136,578,77,2
137,261,78,2
138,579,14,1
139,1344,30,4
140,1049,28,3
141,1009,92,1
142,770,27,1
143,633,96,3
144,1273,27,4
145,26,98,4
146,667,54,2
147,1327,14,2
148,1036,7,4
149,1940,21,1
150,1054,64,4
151,756,71,4
152,59,83,5
153,1365,56,4
154,1972,31,5
155,17,72,1
156,1977,84,2
157,1326,41,1
158,1999,18,4
159,1723,90,2
160,926,19,2
161,516,65,4
162,1418,12,5
163,253,10,4
164,1718,62,3
165,432,5,5
166,839,29,4
167,1954,26,2
168,485,26,5
169,1368,44,3
170,1903,62,5
171,1177,65,2
172,1556,28,3
173,253,99,5
174,21,98,1
175,1277,41,1
176,1626,68,2
177,935,70,1
178,840,93,2
179,1677,70,1
180,1621,92,2
181,655,86,3
182,926,96,2
183,1829,52,4
184,1723,11,4
185,750,2,3
186,434,75,3
187,767,81,1
188,195,58,4
189,629,90,2
190,613,95,2
191,1525,43,3
192,434,6,1
193,1965,3,2
194,1232,60,3
195,1979,92,1
196,545,76,5
197,1850,35,1
198,1471,82,2
199,1807,2,2
200,1540,53,3
201,553,64,1
202,791,15,3
203,1418,54,2
204,470,67,5
205,893,73,3
206,22,1,2
207,1600,61,2
208,1898,45,1
209,1955,77,2
210,1141,83,5
211,317,17,4
212,285,79,3
213,398,17,2
214,1246,89,1
215,261,100,1
216,1221,36,3
217,722,1,2
218,1435,2,1
219,1635,59,4
220,1463,51,3
221,1403,18,4
222,873,97,3
223,1606,58,3
224,599,61,2
225,1996,35,1
226,638,30,1
227,1023,8,1
228,163,77,4
229,6,82,2
230,272,92,4
231,1649,95,5
232,1956,50,2
233,1216,80,3
234,376,93,2
235,331,12,3
236,711,12,1
237,1910,72,2
238,420,43,5
239,1099,58,1
240,884,74,3
241,1932,22,2
242,1266,14,3
243,1759,24,4
244,1251,11,4
245,884,28,1
246,139,86,3
247,673,51,3
248,1192,42,4
249,1059,80,5
250,1334,10,2
251,1830,53,3
252,1079,95,4
253,710,89,1
254,917,43,1
255,462,39,4
256,1369,87,2
257,393,36,5
258,1262,6,2
259,1728,75,3
260,117,85,1
261,545,82,5
262,229,24,5
263,927,73,2
264,1907,60,4
265,112,19,4
266,1649,47,5
267,598,96,4
268,1849,12,5
269,896,17,5
270,478,55,4
271,129,76,3
272,1090,67,2
273,127,91,2
274,389,3,3
275,487,31,5
276,1079,84,4
277,1144,54,2
278,1608,31,1
279,450,66,5
280,1974,8,2
281,1761,71,1
282,1636,4,2
283,1116,35,2
284,739,43,2
285,193,33,4
286,729,77,1
287,1124,8,4
288,78,94,3
289,638,39,4
290,629,50,4
291,604,87,1
292,1199,88,1
293,1464,14,4
294,151,27,1
295,1292,2,2
296,961,10,2
297,1983,44,2
298,1862,38,3
299,1767,60,4
300,1427,72,5
301,1463,66,2
302,1425,60,4
303,172,94,1
304,152,39,5
305,921,27,3
306,1669,54,2
307,1316,78,4
308,769,94,4
309,454,32,4
310,29,38,3
311,972,64,3
312,1546,15,5
313,1480,89,1
314,439,89,4
315,795,28,4
316,127,94,2
317,1559,90,4
318,871,48,5
319,291,9,5
320,1459,21,1
321,1193,100,2
322,1556,65,5
323,1840,93,4
324,1342,40,3
325,974,18,1
326,1449,58,4
327,1370,87,5
328,707,56,3
329,1754,28,3
330,417,86,4
331,1183,61,3
332,1408,80,4
333,583,36,4
334,135,15,3
335,917,88,3
336,1063,30,5
337,1852,41,2
338,318,21,3
339,1451,32,4
340,1728,4,4
341,816,29,2
342,148,11,2
343,960,78,4
344,1629,29,3
345,1237,51,3
346,17,37,2
347,247,95,4
348,577,95,3
349,1411,54,5
350,126,85,2
351,200,99,2
352,1062,63,4
353,228,8,3
354,1325,41,3
355,74,40,4
356,65,45,3
357,1145,81,2
358,540,96,3
359,346,37,5
360,693,72,1
361,1836,90,1
362,264,17,4
363,662,44,4
364,343,38,1
365,1545,34,1
366,1113,82,5
367,1166,3,4
368,1105,60,1
369,1654,80,5
370,1759,50,1
371,255,74,5
372,34,50,1
373,1023,28,3
374,1200,5,4
375,967,70,3
376,388,2,2
377,967,61,3
378,886,81,5
379,207,54,4
380,1130,67,3
381,1606,12,1
382,1842,55,2
383,1865,45,2
384,170,59,3
385,227,76,5
386,679,85,1
387,1783,27,5
388,651,21,2
389,677,99,1
390,428,96,3
391,1141,75,1
392,1005,73,4
393,1667,65,4
394,791,47,5
395,1577,82,5
396,973,23,2
397,1,23,3
398,363,84,2
399,425,100,2
400,1421,32,4
401,1619,18,1
402,1855,63,5
403,1123,50,4
404,1251,82,4
405,1115,83,5
406,1396,88,4
407,964,36,4
408,257,86,2
409,775,5,3
410,1250,18,4
411,446,20,4
412,906,81,1
413,712,91,2
414,1366,20,3
415,1214,100,5
416,1846,100,4
417,1918,43,2
418,1636,77,1
419,1353,80,4
420,1850,86,1
421,152,1,1
422,1365,10,1
423,1797,17,5
424,516,8,2
425,1757,56,3
426,1397,36,3
427,411,88,2
428,840,11,3
429,237,55,4
430,1704,43,5
431,1890,14,1
432,1853,85,1
433,304,53,5
434,1461,28,2
435,140,86,2
436,933,66,1
437,670,90,5
438,604,85,3
439,1616,20,4
440,108,6,3
441,327,98,1
442,1278,41,1
443,1730,19,3
444,219,30,3
445,1607,84,5
446,1014,64,2
447,1889,10,2
448,585,4,2
449,323,99,2
450,499,76,5
451,943,14,1
452,1920,26,5
453,749,84,2
454,554,13,1
455,616,30,4
456,1692,39,5
457,278,39,2
458,610,69,1
459,614,67,1
460,1581,98,2
461,902,52,1
462,63,51,4
463,1978,83,1
464,1795,38,4
465,961,48,2
466,429,62,5
467,1760,26,5
468,1511,69,2
469,283,56,2
470,1469,47,4
471,467,7,2
472,1701,15,3
473,137,90,1
474,436,56,3
475,1510,53,4
476,905,59,5
477,1528,79,4
478,761,6,2
479,1865,88,3
480,267,67,1
481,1613,98,4
482,1717,26,3
483,212,1,2
484,407,92,4
485,400,39,3
486,1351,100,3
487,2000,30,1
488,1390,32,5
489,569,40,2
490,1636,86,1
491,1805,2,3
492,1493,20,5
493,1537,50,4
494,933,100,1
495,1989,29,5
496,720,8,1
497,495,22,2
498,876,18,4
499,822,76,3
500,1857,11,1
501,1961,71,4
502,1641,74,3
503,590,90,3
504,1524,43,3
505,1807,2,1
506,793,39,3
507,120,86,5
508,983,36,1
509,1007,41,4
510,1512,59,5
511,1811,72,5
512,451,22,5
513,85,52,3
514,393,41,2
515,1517,15,5
516,343,54,4
517,1159,33,5
518,1486,17,1
519,529,31,3
520,1169,24,4
521,1682,55,1
522,297,40,5
523,284,19,4
524,76,60,5
525,1877,96,4
526,1750,67,1
527,793,14,3
528,847,60,1
529,1342,69,4
530,1664,53,1
531,1762,34,5
532,127,38,3
533,667,65,1
534,287,70,1
535,448,41,1
536,336,39,4
537,1065,100,2
538,163,68,4
539,1865,67,1
540,873,47,2
541,1601,59,4
542,1253,42,3
543,1022,72,1
544,1086,18,1
545,1296,12,2
546,1247,77,3
547,983,66,2
548,1575,23,2
549,870,98,1
550,153,46,3
551,1403,33,3
552,758,40,4
553,817,61,4
554,755,42,5
555,1435,53,2
556,1637,17,4
557,513,82,3
558,875,74,4
559,1240,7,3
560,1087,64,3
561,1014,17,4
562,297,83,4
563,1956,20,2
564,683,100,1
565,1399,71,5
566,1204,47,2
567,1624,54,4
568,624,35,2
569,1264,2,4
570,733,11,3
571,996,93,4
572,941,6,4
573,519,63,5
574,307,42,2
575,422,95,4
576,250,15,3
577,295,61,5
578,1638,58,5
579,317,64,2
580,1744,8,2
581,1443,52,3
582,1319,95,3
583,1000,38,1
584,893,11,2
585,55,74,3
586,829,38,2
587,615,56,3
588,1772,57,3
589,1688,88,3
590,247,87,3
591,70,37,2
592,1486,76,1
593,1235,94,3
594,35,34,3
595,227,52,4
596,604,70,3
597,764,19,4
598,119,14,4
599,1819,57,3
600,1824,1,4
601,1289,31,2
602,643,20,2
603,994,22,3
604,706,29,2
605,1259,8,5
606,931,36,4
607,945,61,3
608,875,55,1
609,1993,29,3
610,1927,8,3
611,213,86,4
612,1117,92,4
613,678,19,2
614,141,35,4
615,1811,63,4
616,653,60,5
617,165,64,5
618,574,94,5
619,1718,83,1
620,1450,74,2
621,1828,54,1
622,1521,19,4
623,198,55,5
624,447,19,1
625,1147,87,5
626,231,13,1
627,1322,43,1
628,1387,75,5
629,1318,48,4
630,1400,51,1
631,848,83,4
632,615,96,4
633,1911,57,4
634,1276,70,5
635,274,59,5
636,980,50,1
637,681,36,2
638,543,85,1
639,194,100,2
640,1500,85,1
641,10,42,3
642,85,21,4
643,900,80,1
644,884,71,5
645,823,16,4
646,117,4,2
647,492,65,4
648,1330,50,3
649,263,37,5
650,286,73,5
651,1752,18,5
652,290,98,2
653,1206,31,2
654,1895,4,2
655,1003,72,4
656,1614,47,4
657,1298,55,5
658,2,54,2
659,1456,49,3
660,1268,4,5
661,1748,42,1
662,1653,66,2
663,878,33,2
664,1810,67,4
665,1163,98,5
666,753,33,1
667,1796,95,1
668,1458,45,4
669,906,47,4
670,1879,87,5
671,900,64,4
672,1100,4,1
673,1696,63,3
674,1564,30,1
675,41,45,1
676,1465,23,4
677,252,30,2
678,942,95,1
679,344,81,3
680,1550,61,3
681,383,30,1
682,599,84,4
683,1114,71,4
684,1220,37,2
685,23,39,4
686,305,26,2
687,372,40,1
688,526,22,4
689,1285,100,5
690,1655,39,2
691,931,51,1
692,1839,46,5
693,731,30,1
694,1619,70,5
695,337,59,5
696,258,37,4
697,305,44,3
698,514,1,2
699,386,33,2
700,1284,1,1
701,1904,83,1
702,1757,59,3
703,456,68,1
704,1534,10,5
705,307,26,2
706,1820,4,4
707,322,22,4
708,1950,42,1
709,915,80,5
710,733,91,3
711,1186,17,5
712,1935,79,5
713,108,32,1
714,927,63,2
715,1053,41,1
716,1374,40,2
717,546,82,4
718,543,15,1
719,1958,1,3
720,1028,24,1
721,671,21,1
722,71,4,3
723,508,4,3
724,988,93,5
725,1876,83,4
726,692,76,1
727,409,23,3
728,1472,96,1
729,1610,48,2
730,738,25,4
731,776,58,3
732,1259,76,1
733,506,30,1
734,484,12,3
735,1071,48,1
736,250,76,5
737,739,32,5
738,581,100,3
739,1658,16,2
740,1466,53,2
741,951,18,2
742,1711,11,4
743,149,49,2
744,1169,32,3
745,525,78,5
746,1486,74,4
747,1760,50,1
748,223,85,3
749,931,62,4
750,1817,28,5
751,683,20,3
752,666,82,2
753,1814,77,1
754,1897,85,4
755,545,42,1
756,1293,17,2
757,1901,48,4
758,1294,42,5
759,89,8,4
760,275,59,4
761,1044,97,2
762,1644,36,3
763,1261,20,3
764,244,41,2
765,700,41,2
766,1555,16,4
767,433,54,2
768,1049,69,1
769,1807,50,1
770,791,18,4
771,709,80,5
772,813,78,2
773,1500,85,1
774,1566,88,5
775,473,97,2
776,997,61,4
777,1581,92,3
778,518,72,1
779,1083,97,5
780,1721,90,3
781,50,49,5
782,806,19,2
783,1251,34,1
784,834,15,4
785,828,7,4
786,168,73,1
787,456,44,4
788,1252,87,3
789,1712,46,3
790,495,53,2
791,1542,29,4
792,1280,94,1
793,505,25,5
794,303,73,3
795,384,14,2
796,862,7,5
797,681,69,3
798,716,85,4
799,1877,30,3
800,1903,100,4
801,147,29,4
802,263,46,3
803,190,60,5
804,1640,54,4
805,1593,34,1
806,938,60,2
807,540,91,1
808,1607,68,3
809,868,31,3
810,1442,60,3
811,903,67,1
812,297,92,2
813,1612,89,1
814,462,35,3
815,459,73,2
816,1972,57,3
817,754,90,1
818,1440,86,2
819,797,69,3
820,712,85,5
821,1912,74,4
822,619,66,3
823,939,11,1
824,213,72,3
825,1521,40,2
826,875,72,5
827,1630,26,2
828,572,12,4
829,804,88,5
830,1737,37,3
831,1239,63,1
832,846,29,2
833,987,16,5
834,1990,46,5
835,1537,70,1
836,65,11,3
837,501,57,1
838,395,5,4
839,272,11,4
840,133,7,2
841,1013,17,4
842,894,62,3
843,24,78,3
844,1115,82,1
845,1223,12,5
846,1145,80,3
847,69,30,5
848,1366,72,2
849,1753,3,4
850,86,17,3
851,1373,50,5
852,1647,10,5
853,1595,58,3
854,672,27,4
855,1949,62,1
856,780,98,3
857,1711,1,1
858,619,94,2
859,1162,74,4
860,27,51,1
861,1344,76,1
862,1727,32,1
863,859,68,4
864,1133,40,5
865,1573,5,2
866,1012,63,5
867,753,20,5
868,239,27,3
869,1111,2,4
870,1281,85,5
871,928,19,2
872,648,52,4
873,559,78,4
874,1213,48,4
875,1939,99,5
876,1179,11,1
877,442,71,2
878,505,79,3
879,1984,56,5
880,1568,13,1
881,60,100,2
882,1755,83,3
883,492,93,2
884,1084,21,5
885,173,66,2
886,126,39,3
887,1202,91,3
888,1775,45,4
889,762,99,2
890,4,79,5
891,1023,17,2
892,781,1,2
893,35,34,3
894,1868,99,2
895,834,85,2
896,1641,32,4
897,1827,85,5
898,416,54,5
899,778,6,2
900,1197,1,2
901,206,8,3
902,302,71,4
903,1250,47,2
904,1919,76,2
905,335,66,2
906,1024,83,1
907,1858,58,2
908,1617,100,3
909,548,45,4
910,497,74,1
911,1499,30,2
912,1751,35,2
913,1664,96,4
914,1697,95,3
915,1467,31,3
916,1727,63,4
917,1651,26,4
918,1052,87,5
919,1635,41,1
920,477,29,5
921,318,55,1
922,1115,10,4
923,1906,55,5
924,781,77,4
925,194,26,1
926,801,27,5
927,1436,28,4
928,1077,96,5
929,1467,79,5
930,1236,61,3
931,1311,14,4
932,1303,87,3
933,1041,48,3
934,1753,23,4
935,1360,70,2
936,1958,25,1
937,1752,30,1
938,522,88,4
939,1518,29,4
940,1314,33,1
941,1918,51,3
942,823,60,4
943,419,7,3
944,1879,30,2
945,293,44,5
946,1842,87,3
947,1251,75,4
948,872,87,3
949,767,95,3
950,532,30,4
951,808,96,3
952,79,75,2
953,1637,100,1
954,1351,81,2
955,507,46,2
956,1467,65,4
957,1545,52,3
958,26,54,3
959,1774,19,3
960,142,27,4
961,431,52,5
962,1046,71,1
963,1388,82,4
964,1981,28,1
965,284,49,1
966,791,99,5
967,1984,76,2
968,957,99,4
969,1114,11,2
970,1545,1,3
971,1954,8,5
972,942,18,4
973,786,26,2
974,1236,8,3
975,403,62,3
976,1528,23,5
977,1019,65,5
978,855,7,2
979,394,2,3
980,858,89,1
981,378,83,1
982,772,38,5
983,1838,19,3
984,283,22,3
985,1910,66,2
986,1628,86,3
987,1774,58,5
988,434,66,2
989,1438,7,2
990,1241,49,3
991,1988,46,4
992,1575,6,4
993,181,21,4
994,316,46,3
995,371,6,4
996,945,46,3
997,712,80,5
998,1526,70,2
999,1593,70,2
1000,495,54,1
1001,1941,31,3
1002,1938,39,5
1003,1845,60,3
1004,1289,57,1
1005,1008,91,4
1006,1944,17,1
1007,871,50,2
1008,586,72,4
1009,391,76,4
1010,1645,95,1
1011,499,83,4
1012,1805,44,3
1013,912,40,1
1014,1954,8,5
1015,1931,41,2
1016,279,7,3
1017,968,31,5
1018,1884,83,1
1019,1691,5,1
1020,1915,62,4
1021,1676,60,4
1022,498,52,2
1023,213,32,3
1024,624,30,1
1025,217,27,4
1026,1888,86,3
1027,1856,64,3
1028,1632,40,1
1029,1293,60,2
1030,576,41,3
1031,1704,76,5
1032,696,5,3
1033,403,33,4
1034,1030,93,5
1035,457,97,1
1036,642,59,1
1037,133,55,3
1038,517,6,2
1039,1419,90,5
1040,626,48,3
1041,818,23,1
1042,959,42,2
1043,1232,30,4
1044,334,80,4
1045,1119,51,1
1046,640,98,1
1047,1256,59,2
1048,1207,56,4
1049,1310,18,1
1050,64,72,5
1051,982,74,5
1052,1103,17,2
1053,92,69,3
1054,848,88,5
1055,1797,60,3
1056,1167,45,5
1057,683,67,3
1058,1161,5,2
1059,875,29,4
1060,1672,81,3
1061,1348,33,2
1062,136,79,3
1063,1733,38,5
1064,1584,5,3
1065,980,62,2
1066,1735,12,5
1067,1087,71,2
1068,103,74,5
1069,1071,44,3
1070,136,72,5
1071,463,76,2
1072,298,88,4
1073,1293,79,3
1074,1297,91,2
1075,1241,100,4
1076,1366,24,1
1077,1566,26,1
1078,36,10,4
1079,1607,47,4
1080,385,21,1
1081,1675,55,1
1082,504,8,4
1083,231,48,3
1084,1132,77,2
1085,1751,49,5
1086,1309,13,3
1087,1004,81,1
1088,958,31,4
1089,1151,11,4
1090,1738,77,5
1091,771,3,3
1092,1055,38,2
1093,816,64,4
1094,757,7,1
1095,835,78,4
1096,1203,21,2
1097,678,25,2
1098,1008,53,3
1099,1545,99,1
1100,1813,47,3
1101,1961,47,1
1102,1605,97,4
1103,270,92,1
1104,1790,19,1
1105,1501,40,3
1106,682,6,1
1107,262,18,2
1108,651,27,2
1109,910,26,4
1110,763,17,3
1111,1607,76,2
1112,943,4,5
1113,366,94,1
1114,65,96,2
1115,849,85,3
1116,1051,97,2
1117,117,10,5
1118,1974,68,5
1119,1107,91,4
1120,1500,35,4
1121,1145,57,4
1122,1325,75,5
1123,1853,11,5
1124,703,14,3
1125,470,100,1
1126,487,15,2
1127,367,84,4
1128,1543,52,2
1129,1694,73,2
1130,1152,83,2
1131,1000,89,5
1132,1856,83,2
1133,1405,95,1
1134,785,57,3
1135,1376,3,5
1136,1650,62,4
1137,1580,8,2
1138,1250,37,2
1139,1038,78,4
1140,140,96,3
1141,178,34,5
1142,619,87,2
1143,1116,82,1
1144,646,11,2
1145,1025,90,2
1146,354,86,1
1147,1262,69,1
1148,126,9,5
1149,740,62,1
1150,1406,68,5
1151,159,59,4
1152,1161,87,1
1153,565,46,4
1154,165,45,1
1155,359,23,5
1156,9,74,4
1157,397,73,2
1158,1934,20,4
1159,252,45,5
1160,1757,87,4
1161,1222,14,5
1162,1107,88,2
1163,1025,40,1
1164,1985,39,1
1165,1845,80,1
1166,1171,42,5
1167,904,74,5
1168,591,57,3
1169,1551,65,4
1170,1610,69,4
1171,1208,20,3
1172,1193,35,1
1173,1696,86,3
1174,70,73,4
1175,1468,17,4
1176,1194,84,3
1177,1365,34,1
1178,1184,38,4
1179,455,32,4
1180,1107,75,1
1181,824,87,2
1182,520,6,3
1183,1573,31,3
1184,166,34,4
1185,214,17,2
1186,1990,63,3
1187,947,53,1
1188,1045,75,4
1189,1998,5,4
1190,407,51,5
1191,1170,88,3
1192,1263,80,2
1193,273,49,1
1194,37,83,1
1195,903,1,3
1196,1055,58,3
1197,1994,24,2
1198,1487,57,5
1199,439,85,2
1200,1884,50,3
1201,1585,91,4
1202,572,36,2
1203,615,86,1
1204,1570,80,5
1205,1121,10,5
1206,1267,62,5
1207,1216,70,2
1208,196,64,1
1209,922,65,5
1210,342,15,3
1211,1069,92,4
1212,1192,29,5
1213,197,58,2
1214,230,98,1
1215,976,33,5
1216,1054,39,1
1217,684,78,4
1218,500,56,2
1219,1028,73,4
1220,140,61,3
1221,839,95,5
1222,1182,72,1
1223,1443,16,4
1224,1913,16,3
1225,775,5,1
1226,1115,45,1
1227,803,87,4
1228,1919,62,2
1229,820,6,3
1230,816,87,4
1231,790,58,1
1232,1462,87,2
1233,1101,17,1
1234,1022,52,2
1235,220,99,4
1236,403,52,4
1237,891,4,3
1238,45,100,1
1239,997,95,4
1240,268,100,5
1241,361,96,2
1242,1033,49,3
1243,1806,11,5
1244,87,53,2
1245,957,21,3
1246,82,84,3
1247,1199,38,1
1248,1259,68,3
1249,602,5,4
1250,178,21,5
1251,785,90,4
1252,541,58,1
1253,861,5,3
1254,1584,7,3
1255,409,44,2
1256,502,18,1
1257,1714,6,1
1258,1715,20,3
1259,648,64,5
1260,1175,77,4
1261,44,50,5
1262,1115,49,2
1263,1507,68,2
1264,1127,99,1
1265,855,71,4
1266,459,72,1
1267,1221,74,5
1268,1971,41,4
1269,1626,50,5
1270,1786,81,2
1271,272,56,2
1272,225,73,1
1273,1478,39,2
1274,1834,46,4
1275,1020,99,5
1276,329,76,3
1277,1311,90,2
1278,541,10,5
1279,667,32,5
1280,1140,29,3
1281,1586,21,2
1282,117,60,3
1283,265,80,2
1284,624,95,1
1285,870,58,4
1286,1783,96,1
1287,356,72,4
1288,1657,86,4
1289,1340,93,3
1290,629,36,2
1291,733,86,5
1292,1528,94,3
1293,1682,12,4
1294,1666,32,3
1295,194,46,2
1296,1461,9,3
1297,1946,87,5
1298,1358,85,3
1299,89,73,3
1300,1889,67,1
1301,789,85,1
1302,1945,1,1
1303,1176,23,4
1304,224,28,3
1305,137,66,2
1306,821,24,4
1307,1739,78,1
1308,1056,35,4
1309,1651,24,3
1310,1349,20,1
1311,1328,18,1
1312,1310,51,2
1313,374,29,3
1314,1670,14,1
1315,1914,78,2
1316,13,77,2
1317,26,82,4
1318,1421,25,5
1319,771,39,2
1320,1739,44,3
1321,1266,49,1
1322,1812,79,5
1323,398,44,1
1324,866,58,2
1325,339,3,5
1326,540,60,2
1327,1806,11,1
1328,441,77,2
1329,1881,32,2
1330,1466,70,3
1331,1067,67,1
1332,1172,66,2
1333,922,5,1
1334,357,53,2
1335,1763,87,4
1336,1035,30,2
1337,116,48,2
1338,1768,71,2
1339,884,69,2
1340,551,45,5
1341,1101,26,3
1342,1215,31,1
1343,1118,6,3
1344,627,72,2
1345,1516,17,4
1346,651,70,3
1347,1227,3,5
1348,508,4,3
1349,978,7,2
1350,818,13,4
1351,1455,81,4
1352,1012,69,5
1353,415,97,4
1354,220,87,2
1355,1561,97,2
1356,1302,33,5
1357,1449,34,1
1358,138,86,4
1359,38,25,5
1360,682,36,5
1361,421,99,4
1362,1145,19,4
1363,85,49,5
1364,809,52,1
1365,1312,8,3
1366,725,30,2
1367,942,72,4
1368,962,5,5
1369,392,16,3
1370,1665,92,3
1371,1920,55,2
1372,1724,90,2
1373,1765,36,5
1374,546,88,5
1375,1789,75,3
1376,1981,14,3
1377,871,65,4
1378,925,62,2
1379,202,23,5
1380,1220,58,5
1381,1875,60,1
1382,210,11,4
1383,1775,52,3
1384,392,84,4
1385,1175,86,3
1386,1990,77,4
1387,1105,65,1
1388,1209,2,2
1389,1001,50,3
1390,1257,35,1
1391,333,51,1
1392,1606,7,2
1393,1741,45,2
1394,357,38,5
1395,237,30,1
1396,857,37,2
1397,299,75,2
1398,1246,42,5
1399,390,16,3
1400,1346,64,2
1401,640,80,1
1402,1469,78,2
1403,362,43,5
1404,391,25,4
1405,227,42,5
1406,1164,91,3
1407,366,1,5
1408,622,49,5
1409,791,52,1
1410,650,44,2
1411,531,35,5
1412,904,21,4
1413,393,50,4
1414,192,99,4
1415,1455,16,5
1416,383,33,3
1417,1763,53,3
1418,1522,39,2
1419,732,84,2
1420,1373,77,2
1421,1105,83,1
1422,1686,56,2
1423,537,97,5
1424,1096,86,2
1425,271,86,5
1426,1356,9,3
1427,107,95,4
1428,1933,33,1
1429,1979,85,1
1430,1238,32,1
1431,1521,46,1
1432,347,86,2
1433,393,25,5
1434,89,65,5
1435,1747,79,5
1436,1794,2,4
1437,1012,100,1
1438,1109,31,5
1439,1991,31,1
1440,1672,42,4
1441,362,5,5
1442,1265,50,3
1443,725,4,4
1444,700,50,4
1445,1022,61,3
1446,1483,84,2
1447,896,8,5
1448,674,34,5
1449,99,4,4
1450,316,61,2
1451,799,70,5
1452,1490,60,2
1453,464,66,1
1454,1712,79,2
1455,843,59,5
1456,1320,93,1
1457,406,6,5
1458,1271,51,1
1459,1935,91,5
1460,824,1,2
1461,1624,29,4
1462,695,27,1
1463,1341,50,3
1464,68,77,1
1465,414,45,3
1466,1429,6,4
1467,1213,40,4
1468,601,84,5
1469,330,96,2
1470,1622,66,5
1471,275,85,1
1472,1168,1,4
1473,441,29,4
1474,197,1,4
1475,327,71,3
1476,1058,95,4
1477,1941,95,2
1478,1652,80,5
1479,801,25,3
1480,649,15,1
1481,1151,16,4
1482,106,72,4
1483,729,72,1
1484,217,60,3
1485,120,75,3
1486,1482,57,2
1487,1683,40,4
1488,98,17,3
1489,1089,15,5
1490,251,83,1
1491,1715,55,4
1492,1041,11,4
1493,729,72,5
1494,345,90,5
1495,1009,64,5
1496,1040,98,4
1497,1900,38,4
1498,957,31,2
1499,1207,69,2
1500,271,8,3
1501,1505,2,4
1502,919,86,2
1503,427,38,5
1504,620,19,1
1505,1873,24,5
1506,185,85,2
1507,350,53,2
1508,1731,28,4
1509,1657,33,3
1510,1585,85,2
1511,1723,72,2
1512,1920,54,3
1513,1525,98,1
1514,1586,97,2
1515,350,81,3
1516,117,15,2
1517,1280,87,1
1518,874,76,1
1519,1061,5,2
1520,1405,77,1
1521,1643,69,4
1522,1485,95,4
1523,1908,81,2
1524,1969,47,4
1525,1751,29,5
1526,1015,92,5
1527,1301,36,1
1528,1029,96,3
1529,49,38,5
1530,1561,8,3
1531,113,12,3
1532,730,15,5
1533,923,36,1
1534,114,71,3
1535,694,45,2
1536,1573,36,4
1537,542,98,1
1538,470,53,4
1539,963,21,5
1540,846,59,4
1541,454,59,5
1542,1296,11,5
1543,809,49,2
1544,412,80,2
1545,77,81,2
1546,936,45,3
1547,1739,88,1
1548,520,31,3
1549,635,3,3
1550,891,59,3
1551,1336,44,1
1552,1443,96,1
1553,551,55,2
1554,474,77,3
1555,1667,80,4
1556,1566,1,2
1557,1117,91,2
1558,455,86,1
1559,1964,25,1
1560,396,94,2
1561,87,53,3
1562,296,93,1
1563,955,82,5
1564,444,8,5
1565,1641,5,1
1566,74,25,3
1567,129,49,5
1568,1224,28,3
1569,1996,51,3
1570,352,77,3
1571,633,36,5
1572,1806,47,2
1573,451,16,4
1574,292,47,3
1575,721,77,5
1576,1213,46,1
1577,1074,8,1
1578,1760,56,3
1579,1694,68,3
1580,1107,31,3
1581,1064,37,4
1582,1059,70,3
1583,342,20,5
1584,206,85,5
1585,311,85,2
1586,1432,39,4
1587,865,34,5
1588,1287,80,3
1589,1904,40,4
1590,917,8,4
1591,1148,53,1
1592,1183,16,3
1593,1263,65,2
1594,1318,10,1
1595,490,47,4
1596,751,85,3
1597,308,36,1
1598,1492,17,4
1599,1768,43,5
1600,476,46,1
1601,115,16,2
1602,1018,59,5
1603,192,52,1
1604,1175,94,2
1605,149,39,1
1606,1291,77,4
1607,497,79,2
1608,443,92,2
1609,1136,75,4
1610,271,75,2
1611,321,46,1
1612,762,4,4
1613,926,12,1
1614,1409,91,4
1615,1631,18,4
1616,1935,83,3
1617,1571,8,1
1618,1075,5,2
1619,456,79,3
1620,1079,16,5
1621,625,24,1
1622,1215,14,4
1623,305,98,3
1624,1825,15,5
1625,1601,11,3
1626,272,30,2
1627,689,76,4
1628,1659,45,5
1629,1570,92,1
1630,1164,9,3
1631,1170,71,2
1632,30,96,5
1633,1343,97,3
1634,1834,77,3
1635,1145,22,1
1636,1005,71,2
1637,1850,47,5
1638,1612,65,3
1639,1416,98,5
1640,880,64,4
1641,1864,45,4
1642,201,87,1
1643,203,30,3
1644,423,5,5
1645,1838,76,1
1646,1215,46,2
1647,1581,97,5
1648,1619,54,4
1649,1846,7,1
1650,886,98,5
1651,1537,36,5
1652,768,90,1
1653,212,43,2
1654,713,50,4
1655,326,94,2
1656,859,91,4
1657,1834,25,1
1658,1025,96,2
1659,1773,26,2
1660,1367,11,5
1661,1516,96,5
1662,1270,4,1
1663,391,58,3
1664,125,52,3
1665,1688,54,2
1666,926,16,1
1667,435,27,2
1668,63,23,4
1669,1289,63,4
1670,679,23,2
1671,862,12,4
1672,1423,47,3
1673,177,67,4
1674,1085,87,5
1675,1416,1,2
1676,572,46,3
1677,58,25,2
1678,871,42,3
1679,1938,87,5
1680,1680,57,4
1681,1846,92,1
1682,1779,94,5
1683,1562,5,2
1684,1585,44,1
1685,884,33,2
1686,119,40,1
1687,1748,40,5
1688,1943,19,4
1689,740,67,1
1690,1601,40,1
1691,907,62,2
1692,491,74,1
1693,1093,4,2
1694,1651,27,3
1695,1224,12,5
1696,799,53,5
1697,1648,84,4
1698,1367,73,3
1699,776,57,3
1700,1054,46,2
1701,287,69,3
1702,1111,13,4
1703,1993,45,4
1704,1472,24,1
1705,174,64,1
1706,805,20,5
1707,1510,18,2
1708,1052,9,4
1709,1145,25,5
1710,804,99,3
1711,1425,76,4
1712,357,53,5
1713,1911,36,2
1714,1584,95,5
1715,768,79,5
1716,17,97,3
1717,590,65,3
1718,1712,19,2
1719,1796,98,4
1720,80,99,3
1721,236,93,1
1722,106,82,1
1723,1020,18,4
1724,947,79,4
1725,463,88,1
1726,851,22,1
1727,1875,38,4
1728,92,20,5
1729,1854,84,2
1730,427,81,2
1731,1968,28,2
1732,39,49,1
1733,1537,52,5
1734,754,47,3
1735,1755,20,3
1736,661,69,3
1737,1293,8,3
1738,1978,59,2
1739,191,2,1
1740,999,88,1
1741,386,50,5
1742,1079,53,5
1743,225,34,5
1744,894,6,4
1745,444,6,5
1746,6,90,3
1747,862,9,3
1748,708,75,4
1749,127,78,3
1750,270,27,1
1751,329,58,1
1752,1254,73,4
1753,1423,14,5
1754,1755,5,5
1755,345,91,4
1756,134,2,5
1757,18,19,2
1758,6,69,1
1759,1045,83,5
1760,1401,31,5
1761,1442,56,1
1762,998,48,3
1763,336,93,2
1764,1771,32,1
1765,1343,28,2
1766,1415,39,1
1767,162,89,2
1768,265,96,1
1769,922,97,3
1770,1979,47,2
1771,289,23,5
1772,1572,31,4
1773,153,48,5
1774,1093,23,1
1775,1586,70,1
1776,572,1,5
1777,1528,75,4
1778,1849,54,2
1779,1213,15,3
1780,1456,43,5
1781,1032,76,5
1782,1544,85,3
1783,338,95,5
1784,583,38,4
1785,1044,42,5
1786,1324,79,4
1787,228,7,1
1788,1782,9,3
1789,1260,54,4
1790,763,43,5
1791,184,91,2
1792,1703,72,5
1793,1526,57,5
1794,856,29,5
1795,1786,33,4
1796,689,84,3
1797,355,6,1
1798,1902,93,1
1799,897,16,4
1800,1554,90,3
1801,565,16,3
1802,783,16,2
1803,1065,95,5
1804,919,94,5
1805,1762,12,4
1806,702,73,1
1807,659,13,1
1808,1129,32,4
1809,497,63,3
1810,91,22,1
1811,32,55,3
1812,625,71,5
1813,1950,95,2
1814,1701,46,2
1815,1405,100,1
1816,1295,25,1
1817,361,99,3
1818,893,88,3
1819,431,21,2
1820,831,97,5
1821,380,23,2
1822,1694,60,2
1823,1260,80,5
1824,1578,37,5
1825,664,21,3
1826,1911,70,5
1827,1274,37,2
1828,1734,25,2
1829,1837,37,1
1830,292,17,1
1831,1894,56,1
1832,718,92,4
1833,1765,19,4
1834,443,21,5
1835,734,95,2
1836,1512,9,3
1837,761,43,1
1838,1062,40,2
1839,1902,93,5
1840,985,83,1
1841,1659,60,4
1842,1256,12,1
1843,17,99,1
1844,34,4,2
1845,757,27,4
1846,91,91,1
1847,454,39,2
1848,1145,99,2
1849,396,74,2
1850,761,69,2
1851,1492,18,5
1852,1454,13,3
1853,329,70,4
1854,1890,85,4
1855,48,70,4
1856,139,2,4
1857,655,74,3
1858,709,53,2
1859,1442,16,1
1860,948,85,3
1861,1691,22,1
1862,789,3,5
1863,910,1,5
1864,277,38,3
1865,623,8,4
1866,973,8,5
1867,306,1,4
1868,1221,53,1
1869,499,15,4
1870,1377,69,5
1871,58,75,3
1872,1945,1,1
1873,494,68,4
1874,571,81,3
1875,1485,1,2
1876,1261,93,4
1877,438,93,4
1878,1029,99,1
1879,1801,17,5
1880,1279,35,1
1881,1919,13,4
1882,196,7,4
1883,1919,77,4
1884,307,15,4
1885,514,24,1
1886,222,69,4
1887,147,24,3
1888,2000,60,5
1889,322,91,4
1890,1505,48,3
1891,1819,89,3
1892,1852,62,2
1893,1353,39,5
1894,60,23,2
1895,215,95,4
1896,158,16,3
1897,1624,90,1
1898,520,85,2
1899,356,98,3
1900,220,58,1
1901,662,67,5
1902,136,58,5
1903,890,12,5
1904,1232,15,4
1905,1227,61,3
1906,781,60,4
1907,777,50,1
1908,771,43,1
1909,142,23,4
1910,882,4,1
1911,1499,50,5
1912,1226,43,1
1913,1737,98,1
1914,1033,84,1
1915,924,96,5
1916,359,58,3
1917,1463,53,1
1918,1038,93,5
1919,1867,27,4
1920,652,63,4
1921,1323,51,1
1922,1168,91,5
1923,1313,72,1
1924,351,99,4
1925,1118,20,3
1926,441,64,2
1927,704,93,5
1928,1308,14,2
1929,1221,91,4
1930,40,40,1
1931,1820,85,5
1932,200,35,4
1933,1475,21,4
1934,1764,33,3
1935,604,42,3
1936,381,68,5
1937,1957,28,5
1938,1269,70,1
1939,1237,21,3
1940,248,26,1
1941,1404,88,2
1942,1067,97,5
1943,1860,98,4
1944,1509,83,5
1945,1877,15,5
1946,1145,98,2
1947,364,54,4
1948,1229,99,2
1949,82,43,1
1950,1763,42,2
1951,303,48,2
1952,1751,85,5
1953,1848,6,4
1954,1743,84,2
1955,669,76,2
1956,1282,32,4
1957,577,35,5
1958,1316,67,5
1959,1466,73,5
1960,1851,62,2
1961,1543,97,2
1962,1453,9,5
1963,511,59,2
1964,771,22,1
1965,1428,13,1
1966,70,72,1
1967,1254,64,4
1968,1487,4,4
1969,538,37,3
1970,1497,49,4
1971,244,12,3
1972,1828,81,4
1973,1747,56,2
1974,482,68,2
1975,142,89,3
1976,423,13,3
1977,1566,35,2
1978,453,46,3
1979,327,96,1
1980,215,94,2
1981,622,31,1
1982,85,43,5
1983,1795,94,4
1984,438,47,5
1985,1403,91,1
1986,1550,59,4
1987,680,88,3
1988,681,88,5
1989,40,66,1
1990,264,22,1
1991,1896,4,2
1992,419,97,4
1993,635,82,2
1994,1982,14,4
1995,1962,68,5
1996,19,79,2
1997,137,28,2
1998,642,27,3
1999,1646,30,3
2000,712,51,3
2001,101,59,2
2002,1546,88,1
2003,945,20,4
2004,773,27,3
2005,695,31,4
2006,957,52,1
2007,1968,60,3
2008,1318,82,4
2009,691,8,4
2010,804,87,5
2011,1427,75,4
2012,1000,91,3
2013,124,65,4
2014,475,12,3
2015,1952,83,2
2016,924,28,3
2017,334,70,3
2018,1485,51,1
2019,386,73,5
2020,984,2,3
2021,1301,95,3
2022,1633,71,3
2023,158,97,4
2024,96,73,5
2025,1431,5,2
2026,1425,61,2
2027,809,42,3
2028,998,80,5
2029,525,91,3
2030,1236,21,4
2031,828,64,5
2032,463,31,4
2033,1225,58,1
2034,1466,98,4
2035,116,1,2
2036,1748,46,2
2037,217,90,1
2038,1799,61,2
2039,112,86,2
2040,647,6,5
2041,524,27,2
2042,1645,53,5
2043,133,74,2
2044,524,6,2
2045,1739,2,1
2046,1213,71,2
2047,1535,23,3
2048,287,23,4
2049,1954,75,1
2050,6,75,3
2051,1670,65,1
2052,441,11,4
2053,951,10,2
2054,553,67,1
2055,1624,53,3
2056,1195,72,5
2057,411,24,3
2058,202,94,5
2059,597,91,3
2060,411,73,5
2061,229,2,3
2062,1683,27,2
2063,1555,31,5
2064,1873,26,4
2065,651,52,5
2066,988,93,1
2067,761,10,4
2068,517,61,1
2069,42,43,4
2070,1417,2,2
2071,1127,17,1
2072,809,13,2
2073,109,39,5
2074,758,14,1
2075,565,36,2
2076,483,69,5
2077,320,62,1
2078,844,57,1
2079,26,43,4
2080,611,63,1
2081,1478,57,3
2082,871,81,1
2083,346,36,3
2084,493,9,2
2085,1254,90,3
2086,810,70,5
2087,1198,91,3
2088,1548,68,3
2089,752,63,2
2090,1262,27,4
2091,441,14,1
2092,1894,22,1
2093,1301,3,1
2094,931,68,5
2095,151,24,3
2096,1080,72,2
2097,376,95,4
2098,156,60,1
2099,1942,1,4
2100,1580,83,3
2101,827,94,2
2102,1196,47,2
2103,1226,31,4
2104,669,25,5
2105,1597,82,5
2106,205,40,4
2107,424,75,4
2108,312,33,1
2109,1974,21,2
2110,1426,63,5
2111,404,6,4
2112,1289,45,4
2113,1039,54,2
2114,1767,25,1
2115,32,20,4
2116,1236,92,2
2117,1018,35,4
2118,254,65,1
2119,201,45,2
2120,408,88,4
2121,635,53,3
2122,1581,67,2
2123,773,53,1
2124,82,96,2
2125,763,52,3
2126,1565,53,3
2127,926,91,4
2128,360,17,4
2129,716,91,3
2130,1753,75,3
2131,1025,56,1
2132,754,98,1
2133,685,7,2
2134,1525,79,3
2135,367,72,5
2136,1490,37,4
2137,1147,23,4
2138,755,48,1
2139,342,24,5
2140,736,89,4
2141,2000,81,4
2142,1401,70,2
2143,251,42,1
2144,878,29,4
2145,633,54,3
2146,163,72,2
2147,928,15,1
2148,1597,89,1
2149,1091,100,5
2150,1848,29,2
2151,66,78,4
2152,1372,43,2
2153,391,15,1
2154,1422,98,3
2155,1281,36,1
2156,274,48,4
2157,868,43,1
2158,1041,39,1
2159,950,29,2
2160,1159,75,5
2161,430,68,3
2162,1546,76,5
2163,963,37,3
2164,203,71,3
2165,1824,21,2
2166,1078,96,5
2167,341,55,3
2168,1912,51,4
2169,475,22,4
2170,352,72,5
2171,677,32,2
2172,1594,20,3
2173,1442,86,1
2174,1299,10,2
2175,237,84,3
2176,1540,2,2
2177,832,51,1
2178,256,78,1
2179,270,60,4
2180,1851,38,2
2181,326,61,2
2182,1306,75,2
2183,1241,33,5
2184,1566,54,4
2185,1187,73,3
2186,271,82,5
2187,1770,17,1
2188,268,82,5
2189,316,75,1
2190,1062,33,5
2191,1124,23,1
2192,711,62,5
2193,1657,79,2
2194,475,42,2
2195,1448,28,2
2196,1790,73,4
2197,1359,95,2
2198,257,27,1
2199,1054,43,2
2200,829,59,3
2201,1750,92,2
2202,240,6,1
2203,75,37,4
2204,104,16,3
2205,1660,78,3
2206,1636,45,2
2207,434,33,2
2208,333,44,3
2209,1768,85,3
2210,743,5,1
2211,437,23,4
2212,1323,59,2
2213,1272,2,4
2214,813,49,3
2215,1408,48,4
2216,1719,77,5
2217,18,83,3
2218,1536,10,1
2219,1878,52,4
2220,1932,48,4
2221,379,39,2
2222,1574,79,1
2223,1743,39,1
2224,870,5,4
2225,12,52,2
2226,1117,79,4
2227,1613,33,1
2228,1226,89,2
2229,1878,29,2
2230,1951,98,5
2231,1438,43,2
2232,1289,34,3
2233,74,50,3
2234,36,81,4
2235,53,55,1
2236,224,23,2
2237,39,52,5
2238,912,20,1
2239,440,25,4
2240,1153,74,3
2241,1742,48,1
2242,1478,29,2
2243,193,17,5
2244,1905,36,3
2245,1447,96,3
2246,870,34,4
2247,728,85,2
2248,154,59,2
2249,1291,36,1
2250,1781,66,5
2251,1764,41,2
2252,1934,46,5
2253,1386,39,3
2254,1436,26,3
2255,661,71,5
2256,1876,35,4
2257,184,49,2
2258,1510,58,5
2259,1671,26,2
2260,667,62,4
2261,11,7,3
2262,259,66,4
2263,146,38,5
2264,1192,17,3
2265,660,50,4
2266,1862,81,5
2267,300,33,2
2268,505,49,5
2269,755,79,5
2270,1098,96,1
2271,618,60,5
2272,1896,90,3
2273,1322,1,2
2274,976,64,1
2275,67,51,4
2276,1505,14,2
2277,1738,88,4
2278,1473,48,4
2279,923,50,4
2280,129,64,2
2281,1052,88,2
2282,1986,24,1
2283,1499,55,3
2284,451,24,4
2285,1973,89,5
2286,728,92,5
2287,758,19,5
2288,1363,21,2
2289,526,71,2
2290,1331,10,1
2291,415,73,4
2292,1008,98,1
2293,659,29,1
2294,880,11,3
2295,374,62,2
2296,1987,46,5
2297,1173,26,3
2298,343,58,1
2299,1396,4,1
2300,520,69,3
2301,1608,14,3
2302,415,60,2
2303,1517,4,4
2304,1596,10,3
2305,954,58,4
2306,1146,82,2
2307,886,36,4
2308,1228,12,5
2309,1804,52,4
2310,205,14,3
2311,1731,99,3
2312,720,51,4
2313,998,27,2
2314,1686,19,2
2315,238,95,1
2316,1175,92,2
2317,998,44,3
2318,1800,40,1
2319,1685,27,5
2320,1572,71,2
2321,1662,85,3
2322,1985,92,2
2323,197,73,3
2324,1970,67,4
2325,660,75,5
2326,731,20,5
2327,941,65,2
2328,1314,41,2
2329,1135,96,3
2330,263,70,2
2331,810,92,3
2332,76,4,1
2333,834,47,1
2334,1028,60,5
2335,1485,88,4
2336,1304,65,3
2337,1114,52,4
2338,1388,97,3
2339,519,63,1
2340,42,20,3
2341,133,84,3
2342,112,8,4
2343,660,28,2
2344,878,30,3
2345,698,1,2
2346,436,34,4
2347,1946,39,4
2348,831,63,5
2349,955,100,3
2350,35,60,4
2351,932,68,4
2352,1536,80,2
2353,1221,47,4
2354,349,23,5
2355,1658,59,5
2356,725,80,5
2357,48,28,1
2358,766,94,1
2359,1333,91,4
2360,134,42,1
2361,187,67,3
2362,469,90,1
2363,682,17,2
2364,720,31,3
2365,503,66,4
2366,1190,5,1
2367,533,98,3
2368,1021,15,4
2369,1375,53,3
2370,199,8,3
2371,1000,48,5
2372,1231,34,2
2373,878,93,4
2374,348,73,3
2375,144,72,4
2376,578,61,3
2377,414,43,4
2378,1696,99,3
2379,349,57,3
2380,514,70,2
2381,454,96,2
2382,681,86,1
2383,255,18,2
2384,270,72,5
2385,103,49,2
2386,266,44,4
2387,952,13,1
2388,797,19,4
2389,177,96,5
2390,1823,18,1
2391,1044,34,3
2392,310,74,3
2393,1995,88,1
2394,1185,57,1
2395,1043,99,1
2396,1870,25,5
2397,1581,47,4
2398,235,25,1
2399,1201,4,5
2400,1703,14,3
2401,1293,87,1
2402,854,84,5
2403,354,70,5
2404,1223,34,2
2405,1679,6,1
2406,1155,25,2
2407,355,94,1
2408,1303,47,1
2409,1357,91,3
2410,227,77,2
2411,444,1,1
2412,1864,30,2
2413,864,74,2
2414,1995,19,1
2415,1048,60,4
2416,65,19,4
2417,1820,33,4
2418,1150,100,3
2419,1203,44,5
2420,1730,85,4
2421,853,31,3
2422,955,62,4
2423,14,25,3
2424,393,13,3
2425,955,6,2
2426,536,88,5
2427,498,58,4
2428,263,100,2
2429,1212,6,5
2430,1168,41,4
2431,1518,86,3
2432,1131,33,3
2433,1084,65,4
2434,1954,32,5
2435,1726,29,3
2436,1752,40,3
2437,1170,41,5
2438,780,34,2
2439,1227,79,1
2440,1343,64,2
2441,1936,99,3
2442,1127,86,5
2443,327,70,5
2444,168,57,4
2445,1406,47,3
2446,154,69,5
2447,443,29,2
2448,728,44,5
2449,1058,66,5
2450,352,22,2
2451,1202,27,2
2452,1108,5,5
2453,1303,54,2
2454,1988,59,4
2455,678,88,1
2456,647,23,2
2457,474,54,5
2458,998,23,5
2459,243,16,5
2460,201,3,5
2461,955,23,1
2462,1118,12,2
2463,1432,2,4
2464,1649,36,2
2465,708,84,4
2466,1847,82,4
2467,1610,60,5
2468,1012,60,5
2469,536,14,3
2470,698,9,4
2471,1161,88,4
2472,575,51,3
2473,140,39,2
2474,532,84,1
2475,301,24,2
2476,1268,49,1
2477,1892,32,4
2478,350,92,3
2479,709,80,5
2480,263,51,1
2481,1900,79,4
2482,743,30,1
2483,209,28,4
2484,161,4,5
2485,752,46,4
2486,239,18,5
2487,1537,22,2
2488,430,60,2
2489,1086,24,4
2490,528,62,2
2491,802,3,1
2492,254,23,1
2493,480,41,3
2494,1944,14,4
2495,968,18,1
2496,559,74,3
2497,1422,27,5
2498,703,64,2
2499,580,93,3
2500,1953,3,3
2501,1765,64,1
2502,1558,77,2
2503,476,7,5
2504,1353,70,3
2505,370,63,3
2506,1126,9,2
2507,253,24,5
2508,12,42,2
2509,1035,96,2
2510,1526,7,2
2511,345,29,2
2512,1787,85,2
2513,1094,83,2
2514,512,92,5
2515,588,67,5
2516,1923,55,2
2517,1726,93,5
2518,306,49,5
2519,1362,87,5
2520,1558,17,2
2521,792,50,5
2522,319,85,1
2523,1166,68,2
2524,1110,25,2
2525,992,30,4
2526,136,42,1
2527,1017,17,4
2528,295,65,5
2529,814,51,1
2530,1910,4,2
2531,1806,25,5
2532,1157,32,3
2533,1279,49,3
2534,88,5,4
2535,913,83,1
2536,1589,98,4
2537,1814,17,4
2538,435,80,1
2539,3,35,1
2540,486,20,2
2541,1380,61,5
2542,546,83,2
2543,1028,95,2
2544,566,48,4
2545,1271,3,4
2546,1570,10,5
2547,1510,56,3
2548,3,39,1
2549,1989,26,4
2550,254,46,2
2551,1347,79,2
2552,1251,2,4
2553,771,74,1
2554,325,82,5
2555,1853,20,3
2556,984,78,4
2557,279,13,3
2558,1534,58,5
2559,503,36,5
2560,381,22,4
2561,1916,83,4
2562,399,51,1
2563,394,90,4
2564,381,57,1
2565,154,7,2
2566,1835,19,4
2567,389,78,4
2568,1080,13,3
2569,894,85,5
2570,788,37,2
2571,861,6,1
2572,1550,42,3
2573,774,64,3
2574,178,42,5
2575,290,7,1
2576,118,24,4
2577,693,55,1
2578,911,16,4
2579,521,26,4
2580,344,56,2
2581,1513,47,4
2582,1554,90,1
2583,1432,61,5
2584,1820,52,3
2585,1620,84,2
2586,113,10,3
2587,1512,8,5
2588,437,56,2
2589,1123,80,2
2590,1976,5,1
2591,631,83,1
2592,1276,1,5
2593,1367,4,2
2594,923,21,1
2595,1310,6,2
2596,459,26,5
2597,64,58,2
2598,870,30,2
2599,751,8,5
2600,1126,46,4
2601,1986,5,3
2602,1530,2,2
2603,982,74,4
2604,1994,28,4
2605,575,22,3
2606,1333,38,1
2607,14,75,5
2608,1114,52,5
2609,806,77,5
2610,1762,76,1
2611,268,93,2
2612,570,82,3
2613,93,100,3
2614,398,50,1
2615,1979,59,1
2616,316,88,1
2617,1988,20,2
2618,929,23,2
2619,1952,23,5
2620,288,41,5
2621,484,78,1
2622,742,33,1
2623,100,23,1
2624,112,80,2
2625,97,39,2
2626,1120,1,2
2627,1911,59,1
2628,884,2,1
2629,369,11,1
2630,1609,6,3
2631,980,78,4
2632,1604,35,4
2633,1138,13,5
2634,1621,88,5
2635,1630,79,2
2636,458,40,5
2637,848,62,1
2638,608,100,5
2639,1465,62,4
2640,414,93,4
2641,1678,19,2
2642,1655,23,1
2643,651,28,4
2644,1422,1,1
2645,703,95,1
2646,1811,66,3
2647,1280,86,2
2648,1623,17,2
2649,1263,68,3
2650,431,94,3
2651,328,98,4
2652,1714,57,2
2653,806,47,3
2654,1586,39,3
2655,400,46,1
2656,727,79,2
2657,1506,74,2
2658,565,23,5
2659,1078,34,5
2660,501,29,4
2661,423,84,3
2662,1392,35,4
2663,645,22,3
2664,635,1,1
2665,1087,77,4
2666,1548,53,3
2667,1434,46,2
2668,1856,17,5
2669,240,11,5
2670,1178,80,1
2671,1563,14,2
2672,459,47,1
2673,452,48,4
2674,852,100,5
2675,519,57,4
2676,1725,84,1
2677,1875,93,5
2678,1896,86,3
2679,1543,98,4
2680,1450,74,4
2681,148,46,5
2682,1833,82,1
2683,717,58,3
2684,238,55,3
2685,1612,87,4
2686,887,59,2
2687,388,48,5
2688,1530,25,4
2689,288,67,3
2690,65,22,5
2691,218,10,5
2692,1435,27,1
2693,1281,63,3
2694,964,54,2
2695,1229,43,2
2696,1728,5,3
2697,1723,11,1
2698,71,1,4
2699,452,80,3
2700,645,78,3
2701,197,17,3
2702,1651,34,5
2703,159,79,4
2704,1778,41,4
2705,1320,42,2
2706,1162,40,1
2707,578,55,1
2708,1107,71,5
2709,434,18,1
2710,1487,69,5
2711,929,98,3
2712,1903,43,1
2713,214,46,4
2714,1493,82,4
2715,888,50,1
2716,1266,70,3
2717,16,15,2
2718,795,31,3
2719,980,56,3
2720,810,57,4
2721,894,11,5
2722,1808,38,4
2723,598,63,1
2724,318,87,1
2725,210,87,5
2726,816,98,2
2727,1586,48,2
2728,141,55,5
2729,1883,3,2
2730,1618,99,4
2731,1163,24,5
2732,1665,12,4
2733,102,28,3
2734,673,15,2
2735,477,81,1
2736,992,22,4
2737,1984,37,2
2738,1167,34,5
2739,1156,34,4
2740,96,39,3
2741,153,62,4
2742,992,7,3
2743,953,63,3
2744,38,45,2
2745,1415,20,1
2746,1862,10,3
2747,1744,53,4
2748,644,34,5
2749,1366,35,1
2750,792,29,1
2751,971,18,2
2752,1149,66,5
2753,724,31,3
2754,189,97,2
2755,903,48,4
2756,443,51,1
2757,594,34,1
2758,683,84,2
2759,1539,37,5
2760,1890,49,3
2761,417,39,3
2762,1939,89,4
2763,1848,37,3
2764,1497,57,2
2765,1587,28,2
2766,614,49,1
2767,1636,1,5
2768,1312,15,3
2769,794,45,2
2770,1375,9,1
2771,470,82,5
2772,1312,72,3
2773,1601,53,3
2774,1997,43,5
2775,609,8,3
2776,526,59,4
2777,1220,73,4
2778,1581,5,5
2779,1771,79,3
2780,1805,5,5
2781,1590,88,2
2782,523,8,4
2783,1394,28,3
2784,1726,59,3
2785,1969,97,4
2786,611,13,5
2787,1932,67,2
2788,1617,22,5
2789,909,34,1
2790,1550,55,5
2791,66,43,2
2792,654,7,2
2793,1652,98,4
2794,971,30,4
2795,1148,85,1
2796,1586,45,4
2797,347,92,5
2798,1111,87,3
2799,222,43,1
2800,434,7,1
2801,273,16,2
2802,1141,43,5
2803,1636,18,4
2804,775,40,1
2805,1600,99,4
2806,300,48,4
2807,1121,60,4
2808,1373,95,4
2809,1957,52,1
2810,79,72,5
2811,726,83,2
2812,670,63,4
2813,6,45,1
2814,125,45,2
2815,420,88,1
2816,1515,83,4
2817,598,95,5
2818,1512,52,1
2819,278,6,2
2820,1752,92,2
2821,1216,50,5
2822,659,45,4
2823,1238,48,1
2824,1657,6,1
2825,172,96,5
2826,141,20,1
2827,1966,4,1
2828,22,53,3
2829,1202,86,2
2830,1124,68,2
2831,405,60,4
2832,1271,57,4
2833,28,7,3
2834,420,37,2
2835,1766,35,3
2836,1775,33,5
2837,1742,73,3
2838,150,34,5
2839,411,54,2
2840,1191,56,2
2841,1157,29,4
2842,23,42,4
2843,140,89,4
2844,1826,83,5
2845,243,66,4
2846,485,62,1
2847,1847,97,2
2848,637,73,3
2849,1167,41,3
2850,1862,92,2
2851,1141,98,5
2852,788,15,3
2853,467,90,3
2854,823,70,5
2855,955,36,5
2856,394,27,2
2857,1695,70,2
2858,483,40,1
2859,1734,9,3
2860,473,27,5
2861,749,26,2
2862,1331,20,4
2863,936,9,5
2864,1212,20,2
2865,400,61,4
2866,292,44,1
2867,82,86,2
2868,1037,91,2
2869,427,85,5
2870,1556,17,5
2871,1618,99,4
2872,1671,6,5
2873,646,59,2
2874,409,12,4
2875,561,12,1
2876,728,67,2
2877,671,40,4
2878,963,34,1
2879,945,39,3
2880,1083,28,4
2881,191,93,3
2882,1570,30,4
2883,1560,36,1
2884,443,73,2
2885,567,55,3
2886,1944,2,1
2887,1315,62,3
2888,250,48,2
2889,1133,92,1
2890,198,14,1
2891,845,40,1
2892,1736,73,5
2893,107,46,2
2894,684,58,3
2895,18,83,4
2896,75,90,5
2897,1039,84,1
2898,827,14,4
2899,1337,88,5
2900,1633,13,3
2901,785,56,1
2902,297,39,4
2903,459,49,4
2904,1264,83,5
2905,1848,84,4
2906,1511,70,4
2907,847,22,1
2908,1289,96,1
2909,449,16,1
2910,979,48,2
2911,1503,30,5
2912,1344,84,4
2913,1977,76,1
2914,1553,54,4
2915,762,75,5
2916,1844,36,2
2917,431,78,4
2918,1864,29,4
2919,704,28,1
2920,1580,23,2
2921,110,13,4
2922,1056,14,2
2923,1582,79,5
2924,828,29,4
2925,160,56,3
2926,900,58,5
2927,1857,54,5
2928,214,89,4
2929,23,92,5
2930,1345,56,1
2931,1606,8,4
2932,1390,8,4
2933,867,44,1
2934,1210,80,4
2935,1023,34,4
2936,1345,94,4
2937,1428,22,5
2938,1199,12,2
2939,1887,42,1
2940,1923,51,2
2941,1832,7,2
2942,698,79,3
2943,1353,28,3
2944,905,94,2
2945,1034,27,1
2946,227,35,4
2947,1284,54,3
2948,1893,32,2
2949,1653,36,3
2950,1819,31,1
2951,241,88,1
2952,1589,86,3
2953,1066,18,1
2954,1273,86,4
2955,1220,42,5
2956,529,9,5
2957,1793,29,3
2958,1349,53,3
2959,341,24,3
2960,512,23,2
2961,1958,29,4
2962,1858,86,4
2963,1871,48,1
2964,1181,44,4
2965,98,48,2
2966,643,98,4
2967,49,64,3
2968,1064,10,1
2969,1765,97,2
2970,1775,7,4
2971,1903,12,3
2972,1428,34,2
2973,320,33,5
2974,1499,83,3
2975,815,63,2
2976,1021,43,5
2977,1665,94,4
2978,407,36,5
2979,820,57,5
2980,1561,12,1
2981,439,47,5
2982,172,5,2
2983,1236,63,5
2984,1013,50,2
2985,868,64,3
2986,1856,95,4
2987,488,3,5
2988,1546,23,2
2989,954,24,5
2990,469,16,1
2991,826,83,5
2992,83,90,2
2993,656,17,5
2994,1445,26,2
2995,1163,50,1
2996,1543,19,4
2997,1397,34,4
2998,765,70,5
2999,510,92,1
3000,371,46,3
3001,1128,17,5
3002,1918,95,3
3003,1980,9,5
3004,1015,19,2
3005,481,28,3
3006,471,77,5
3007,1423,43,1
3008,1450,42,5
3009,1967,18,5
3010,555,19,4
3011,715,99,3
3012,1876,52,1
3013,942,96,5
3014,537,56,5
3015,658,5,3
3016,616,29,1
3017,1528,83,1
3018,1058,86,2
3019,1324,34,2
3020,1851,14,3
3021,998,74,1
3022,1796,72,1
3023,415,25,3
3024,832,16,2
3025,486,79,2
3026,1629,13,4
3027,510,30,5
3028,1862,1,3
3029,60,48,1
3030,354,11,4
3031,1612,25,5
3032,599,5,3
3033,1354,60,1
3034,1221,30,2
3035,1891,66,2
3036,848,45,5
3037,382,100,4
3038,920,43,5
3039,173,98,1
3040,1226,99,5
3041,1257,50,1
3042,717,13,2
3043,1999,58,4
3044,886,85,2
3045,1402,8,5
3046,810,19,2
3047,731,84,1
3048,1517,47,3
3049,1773,40,2
3050,1901,5,3
3051,898,25,3
3052,1762,1,4
3053,111,55,1
3054,758,72,3
3055,865,37,4
3056,1080,88,3
3057,93,50,2
3058,1285,5,2
3059,1715,14,1
3060,1491,5,3
3061,1534,28,3
3062,1494,53,5
3063,972,8,3
3064,1341,15,1
3065,1629,79,5
3066,1566,1,3
3067,1143,46,1
3068,258,56,2
3069,1496,15,3
3070,1586,91,4
3071,314,1,2
3072,1153,54,4
3073,627,98,3
3074,894,21,5
3075,1418,34,5
3076,255,19,1
3077,92,58,1
3078,1425,67,5
3079,1744,34,3
3080,1271,89,5
3081,367,62,2
3082,1862,22,1
3083,1441,40,5
3084,527,15,1
3085,1168,94,2
3086,1082,3,3
3087,1625,84,5
3088,129,77,5
3089,1201,76,5
3090,14,46,5
3091,303,66,1
3092,1057,21,4
3093,779,99,4
3094,20,53,5
3095,164,12,1
3096,379,42,5
3097,789,38,2
3098,1458,32,1
3099,926,2,2
3100,1577,29,5
3101,1397,20,5
3102,1786,5,1
3103,1229,37,2
3104,131,40,1
3105,1694,41,4
3106,2000,9,1
3107,1244,2,5
3108,1615,56,1
3109,363,83,2
3110,1113,71,1
3111,1853,37,4
3112,295,22,3
3113,1491,52,2
3114,270,37,3
3115,1080,88,4
3116,1537,80,5
3117,992,36,5
3118,582,83,4
3119,1538,100,3
3120,43,1,3
3121,557,21,4
3122,834,53,4
3123,994,66,1
3124,1099,32,2
3125,897,31,1
3126,1996,16,4
3127,1200,54,4
3128,1130,83,3
3129,549,86,1
3130,1858,46,5
3131,877,43,4
3132,1315,100,4
3133,26,74,4
3134,100,18,5
3135,699,40,1
3136,1452,51,1
3137,848,84,5
3138,1888,50,1
3139,1495,25,3
3140,155,11,1
3141,1130,67,1
3142,1532,38,3
3143,133,88,3
3144,1649,11,1
3145,1312,2,2
3146,546,71,5
3147,1706,6,5
3148,1072,8,5
3149,683,21,5
3150,419,3,3
3151,1219,53,4
3152,1960,93,4
3153,1745,54,2
3154,1252,22,4
3155,366,12,2
3156,1756,73,2
3157,1031,3,5
3158,1784,27,2
3159,1829,57,5
3160,1055,100,2
3161,1892,61,2
3162,1148,65,4
3163,166,96,2
3164,737,43,4
3165,386,10,5
3166,952,14,1
3167,1378,77,1
3168,1591,74,3
3169,239,38,2
3170,678,48,2
3171,340,15,1
3172,704,26,1
3173,1379,20,3
3174,346,84,1
3175,494,92,4
3176,1547,59,2
3177,979,82,1
3178,143,61,1
3179,1073,85,3
3180,1381,54,4
3181,669,45,1
3182,741,66,3
3183,916,5,2
3184,334,18,1
3185,336,39,3
3186,1933,31,2
3187,1980,78,3
3188,60,75,3
3189,1921,97,5
3190,313,97,1
3191,171,48,5
3192,1314,68,3
3193,1922,61,4
3194,1961,45,1
3195,1636,59,4
3196,1919,8,4
3197,408,96,5
3198,603,5,3
3199,455,85,4
3200,1496,3,4
3201,1009,56,3
3202,909,28,4
3203,1964,74,3
3204,183,19,1
3205,497,63,3
3206,648,11,3
3207,1975,85,2
3208,1832,23,1
3209,1051,26,5
3210,1505,66,1
3211,546,61,1
3212,536,43,3
3213,571,47,2
3214,1902,85,5
3215,1610,25,5
3216,936,9,5
3217,1188,97,3
3218,774,18,5
3219,293,13,3
3220,1321,16,3
3221,297,7,2
3222,1329,73,1
3223,1463,83,4
3224,1466,89,2
3225,481,12,2
3226,546,59,2
3227,1669,61,2
3228,869,48,3
3229,48,49,1
3230,560,18,5
3231,1796,62,1
3232,618,86,2
3233,752,21,1
3234,548,1,2
3235,698,86,3
3236,1050,70,2
3237,228,100,2
3238,1987,58,3
3239,1354,81,2
3240,1912,97,2
3241,920,26,5
3242,153,12,4
3243,833,56,5
3244,1670,72,4
3245,356,64,5
3246,1473,34,1
3247,1932,26,3
3248,199,81,3
3249,637,45,1
3250,9,28,3
3251,198,79,2
3252,923,88,4
3253,786,99,5
3254,409,32,4
3255,874,17,3
3256,566,81,3
3257,254,6,4
3258,1446,48,4
3259,1173,100,2
3260,655,11,5
3261,930,32,3
3262,1770,94,5
3263,854,72,5
3264,1982,89,5
3265,1186,69,4
3266,817,17,2
3267,395,3,2
3268,710,18,3
3269,658,11,1
3270,102,8,3
3271,1040,25,2
3272,1112,31,3
3273,1920,66,5
3274,769,28,1
3275,592,16,2
3276,223,34,3
3277,1606,73,5
3278,1110,17,3
3279,184,26,3
3280,1561,3,3
3281,833,12,2
3282,1688,86,5
3283,81,3,4
3284,1578,40,5
3285,487,65,1
3286,795,59,2
3287,1604,57,5
3288,70,2,2
3289,623,62,5
3290,992,81,5
3291,1453,5,4
3292,505,26,1
3293,28,56,2
3294,9,8,5
3295,554,42,1
3296,453,1,5
3297,276,13,3
3298,1922,82,2
3299,569,62,2
3300,1689,96,4
3301,1278,19,5
3302,649,21,4
3303,1921,76,2
3304,612,77,3
3305,937,57,2
3306,378,23,2
3307,1021,53,3
3308,345,80,2
3309,543,70,1
3310,1891,52,5
3311,558,84,2
3312,1114,46,1
3313,1096,33,1
3314,359,82,4
3315,50,9,1
3316,1181,70,1
3317,947,69,4
3318,749,78,2
3319,1843,23,1
3320,20,48,5
3321,1329,91,1
3322,1947,8,1
3323,299,20,1
3324,524,29,5
3325,1519,73,2
3326,1386,10,3
3327,833,45,4
3328,788,66,2
3329,551,93,5
3330,390,93,4
3331,1623,31,4
3332,448,13,3
3333,345,52,2
3334,650,70,3
3335,1651,5,2
3336,333,42,3
3337,1270,59,1
3338,29,24,5
3339,753,26,2
3340,570,100,2
3341,228,25,4
3342,1147,56,3
3343,423,9,3
3344,1751,64,5
3345,948,30,5
3346,1483,7,3
3347,666,51,5
3348,1506,20,3
3349,1727,43,4
3350,345,67,1
3351,1650,59,2
3352,316,1,4
3353,1831,22,2
3354,224,72,2
3355,1296,15,1
3356,1593,74,4
3357,458,70,4
3358,1470,45,3
3359,186,29,3
3360,1527,4,1
3361,540,36,3
3362,1130,40,2
3363,884,89,4
3364,660,49,3
3365,1123,99,4
3366,1855,27,4
3367,718,10,5
3368,1881,58,3
3369,630,51,3
3370,1449,85,1
3371,584,17,1
3372,1532,42,2
3373,1376,32,5
3374,1213,88,3
3375,288,77,1
3376,1935,45,2
3377,1194,33,5
3378,1904,83,4
3379,1460,8,5
3380,464,39,3
3381,1991,44,5
3382,1527,78,1
3383,5,53,3
3384,1676,1,1
3385,282,75,3
3386,224,6,3
3387,107,78,4
3388,1023,7,2
3389,1755,25,1
3390,1730,45,3
3391,1952,48,5
3392,464,42,3
3393,1009,5,5
3394,1290,18,2
3395,1165,25,2
3396,1463,7,1
3397,72,7,2
3398,1546,46,4
3399,1605,93,2
3400,1926,25,2
3401,765,85,2
3402,470,4,4
3403,655,71,4
3404,266,44,2
3405,1687,13,4
3406,1547,37,4
3407,1660,52,5
3408,206,27,3
3409,1993,92,5
3410,719,89,4
3411,799,60,3
3412,144,62,1
3413,996,93,1
3414,669,24,2
3415,652,53,2
3416,1173,23,2
3417,1487,78,3
3418,827,12,5
3419,1940,28,5
3420,1487,78,5
3421,319,96,4
3422,1930,48,3
3423,1470,23,3
3424,992,5,4
3425,274,80,4
3426,627,44,5
3427,1168,16,3
3428,1592,55,2
3429,224,1,4
3430,247,42,5
3431,1884,64,5
3432,1932,27,1
3433,1031,3,5
3434,610,53,2
3435,645,55,5
3436,399,22,2
3437,100,64,4
3438,236,23,1
3439,1345,76,1
3440,170,59,5
3441,882,45,2
3442,1081,8,3
3443,974,97,1
3444,751,24,4
3445,1736,31,1
3446,1068,34,5
3447,1210,5,5
3448,840,19,5
3449,547,56,2
3450,672,56,2
3451,1145,14,2
3452,739,70,4
3453,1121,21,3
3454,782,15,2
3455,1524,52,4
3456,1697,60,4
3457,1265,37,2
3458,1670,28,3
3459,50,70,1
3460,1981,81,1
3461,652,55,1
3462,993,79,5
3463,239,2,4
3464,1377,32,4
3465,1375,80,3
3466,1780,49,3
3467,532,70,2
3468,1449,89,5
3469,127,90,5
3470,1323,16,1
3471,1145,69,1
3472,1667,6,1
3473,361,95,3
3474,834,8,1
3475,235,25,5
3476,299,58,1
3477,380,26,2
3478,439,21,1
3479,744,65,1
3480,478,6,5
3481,289,22,1
3482,487,53,2
3483,427,84,3
3484,106,10,3
3485,584,40,1
3486,441,61,1
3487,168,67,1
3488,1627,12,4
3489,439,15,1
3490,38,5,4
3491,1576,99,4
3492,235,6,1
3493,1122,1,5
3494,526,13,3
3495,626,21,3
3496,111,13,5
3497,698,44,2
3498,1041,71,4
3499,188,70,3
3500,1100,79,1
3501,1703,57,1
3502,241,7,1
3503,1805,10,1
3504,290,26,4
3505,1393,39,5
3506,1145,100,2
3507,582,83,1
3508,1077,10,5
3509,544,66,3
3510,1587,58,4
3511,1258,35,4
3512,1933,55,2
3513,1726,4,3
3514,220,96,2
3515,1391,86,5
3516,1653,91,2
3517,1029,89,2
3518,929,22,5
3519,15,78,1
3520,850,49,3
3521,1053,61,5
3522,1184,37,1
3523,1489,2,1
3524,174,94,2
3525,1435,32,4
3526,1786,26,1
3527,173,36,1
3528,393,95,2
3529,1803,39,2
3530,691,19,5
3531,262,95,1
3532,1201,92,4
3533,979,29,1
3534,1639,59,2
3535,1126,71,5
3536,973,74,2
3537,1488,39,2
3538,1603,48,3
3539,1484,4,5
3540,1580,62,5
3541,1523,22,4
3542,1167,87,3
3543,1422,19,3
3544,906,49,2
3545,1210,80,1
3546,916,39,4
3547,833,73,4
3548,1566,56,4
3549,354,95,5
3550,1253,49,2
3551,392,10,4
3552,1373,87,5
3553,1173,42,2
3554,1501,92,4
3555,1551,10,3
3556,212,16,4
3557,46,27,5
3558,832,72,4
3559,806,33,1
3560,1893,31,4
3561,202,66,3
3562,922,85,3
3563,1714,33,4
3564,1088,60,2
3565,712,42,2
3566,711,85,1
3567,516,82,5
3568,1918,16,4
3569,1557,86,3
3570,1864,39,1
3571,79,35,5
3572,804,52,2
3573,1175,11,3
3574,1737,34,1
3575,652,39,2
3576,1051,14,4
3577,922,86,5
3578,753,43,3
3579,984,28,5
3580,1317,46,1
3581,1903,52,4
3582,1108,85,3
3583,976,4,1
3584,679,78,4
3585,943,91,5
3586,218,34,2
3587,444,1,4
3588,1110,1,1
3589,1845,17,1
3590,1484,72,1
3591,12,79,1
3592,1300,59,4
3593,1850,94,4
3594,725,54,1
3595,401,22,1
3596,1682,98,2
3597,1202,11,2
3598,1717,26,2
3599,17,61,3
3600,490,76,2
3601,833,50,5
3602,1367,64,2
3603,1868,52,3
3604,1694,67,3
3605,1554,29,2
3606,1640,47,1
3607,880,35,3
3608,194,90,3
3609,709,23,4
3610,164,10,2
3611,480,84,1
3612,441,36,2
3613,650,97,5
3614,1861,25,1
3615,983,25,5
3616,1468,14,2
3617,1579,3,5
3618,1091,90,3
3619,25,11,4
3620,77,66,4
3621,1982,15,4
3622,832,51,5
3623,718,62,3
3624,1365,41,4
3625,1565,93,3
3626,1050,19,5
3627,1811,21,1
3628,867,18,1
3629,410,91,4
3630,1972,98,4
3631,1424,74,3
3632,1034,86,4
3633,103,42,2
3634,1166,26,5
3635,688,49,3
3636,942,77,2
3637,1108,51,2
3638,312,95,3
3639,1189,92,2
3640,501,49,1
3641,977,89,3
3642,279,95,5
3643,441,44,3
3644,1938,34,1
3645,54,65,1
3646,493,52,5
3647,1920,93,2
3648,1058,76,5
3649,75,68,2
3650,1330,32,2
3651,1995,65,3
3652,890,42,1
3653,1414,83,1
3654,1680,72,5
3655,900,44,3
3656,331,95,2
3657,1665,64,1
3658,804,6,3
3659,1132,56,1
3660,588,19,2
3661,1284,52,1
3662,878,63,5
3663,1993,89,2
3664,414,92,1
3665,645,82,4
3666,896,98,1
3667,646,46,2
3668,1714,10,2
3669,1280,54,1
3670,1656,74,4
3671,1132,18,5
3672,789,54,4
3673,938,62,5
3674,495,79,4
3675,1169,32,1
3676,53,42,3
3677,466,35,4
3678,1712,41,2
3679,705,31,2
3680,1216,90,2
3681,1008,21,2
3682,292,88,2
3683,1095,5,4
3684,768,44,4
3685,1617,71,3
3686,734,94,2
3687,963,53,4
3688,1792,31,5
3689,1886,13,2
3690,407,20,5
3691,1192,29,2
3692,692,53,4
3693,1285,58,4
3694,209,85,2
3695,7,59,4
3696,1023,26,5
3697,1235,58,1
3698,1171,22,4
3699,614,7,4
3700,1541,78,3
3701,1862,23,2
3702,900,40,3
3703,39,62,4
3704,602,47,5
3705,990,41,1
3706,165,62,5
3707,358,59,4
3708,393,93,3
3709,574,93,2
3710,1977,34,4
3711,691,2,5
3712,175,57,5
3713,1509,92,4
3714,1793,45,4
3715,584,50,3
3716,235,1,1
3717,46,19,1
3718,537,21,1
3719,1007,97,4
3720,1198,53,3
3721,813,65,2
3722,310,77,5
3723,1370,4,4
3724,1301,44,5
3725,823,86,2
3726,484,28,2
3727,1000,25,5
3728,691,5,2
3729,165,23,1
3730,885,40,1
3731,1370,56,5
3732,1754,27,2
3733,1007,88,1
3734,1050,77,5
3735,1744,76,3
3736,1392,98,5
3737,1934,30,1
3738,1633,43,1
3739,1734,64,4
3740,431,30,4
3741,329,99,2
3742,1779,19,5
3743,332,59,3
3744,1717,13,2
3745,1368,38,5
3746,1937,55,4
3747,918,86,1
3748,1826,52,2
3749,892,68,3
3750,796,79,3
3751,622,94,4
3752,1641,62,5
3753,1184,83,1
3754,680,98,1
3755,343,20,3
3756,1669,91,5
3757,1069,92,2
3758,179,98,4
3759,1019,53,5
3760,1940,13,5
3761,1104,82,4
3762,1575,50,5
3763,769,47,3
3764,615,58,4
3765,1561,95,4
3766,617,34,4
3767,1551,32,3
3768,448,85,5
3769,1101,72,4
3770,621,15,5
3771,94,43,4
3772,1958,86,4
3773,217,10,1
3774,1978,60,3
3775,584,50,1
3776,755,26,4
3777,1961,9,1
3778,928,47,3
3779,1360,39,1
3780,1909,97,4
3781,1637,8,2
3782,1562,88,4
3783,1482,61,1
3784,589,46,2
3785,230,62,2
3786,893,7,1
3787,52,5,1
3788,567,89,5
3789,213,27,1
3790,1625,34,5
3791,35,80,5
3792,1678,70,5
3793,175,38,5
3794,1870,22,4
3795,276,24,5
3796,1289,87,2
3797,390,51,5
3798,932,84,5
3799,1390,12,1
3800,1376,17,4
3801,1879,45,3
3802,67,34,2
3803,1839,80,5
3804,363,67,5
3805,1044,21,4
3806,322,71,4
3807,1418,54,2
3808,1176,31,1
3809,597,73,1
3810,1236,8,2
3811,824,57,2
3812,1357,67,5
3813,447,94,5
3814,1771,60,2
3815,213,17,5
3816,1794,14,3
3817,608,4,5
3818,1376,75,3
3819,1624,41,3
3820,1759,67,5
3821,68,42,1
3822,11,50,4
3823,359,87,5
3824,1237,49,2
3825,1163,1,2
3826,1522,88,2
3827,1000,83,1
3828,749,50,4
3829,354,62,2
3830,357,68,5
3831,1923,23,4
3832,1829,91,1
3833,1266,71,2
3834,41,73,3
3835,57,47,1
3836,643,54,3
3837,1189,61,4
3838,1788,80,3
3839,167,99,3
3840,971,86,4
3841,1564,66,5
3842,1234,88,5
3843,1319,59,2
3844,1850,60,3
3845,605,17,5
3846,789,8,1
3847,407,64,2
3848,1662,84,1
3849,861,39,2
3850,275,93,3
3851,1305,5,2
3852,1330,47,5
3853,1951,48,5
3854,249,88,3
3855,692,93,4
3856,1969,8,5
3857,1323,15,5
3858,1211,30,2
3859,1201,74,4
3860,1706,2,2
3861,1774,46,2
3862,174,67,2
3863,1132,28,5
3864,1046,78,4
3865,263,53,5
3866,52,48,4
3867,1951,14,2
3868,1015,56,3
3869,225,84,4
3870,1108,56,3
3871,7,60,3
3872,28,37,3
3873,1477,20,4
3874,690,70,4
3875,1440,12,3
3876,1070,49,1
3877,1104,2,5
3878,933,64,2
3879,1698,32,5
3880,1607,94,1
3881,1600,44,1
3882,405,83,2
3883,1866,29,3
3884,563,81,2
3885,114,53,3
3886,1877,38,3
3887,854,11,5
3888,1478,3,3
3889,215,38,1
3890,1219,96,2
3891,554,83,1
3892,230,61,2
3893,32,30,1
3894,1497,60,4
3895,412,74,4
3896,1986,99,2
3897,1547,45,5
3898,93,45,2
3899,250,29,3
3900,1850,81,5
3901,488,11,1
3902,1143,59,2
3903,1926,13,2
3904,1430,2,2
3905,1447,57,5
3906,280,3,1
3907,822,12,3
3908,1618,51,5
3909,601,91,3
3910,1039,48,1
3911,1420,31,1
3912,11,34,1
3913,1172,36,3
3914,915,80,5
3915,522,22,2
3916,1998,69,1
3917,1582,26,5
3918,1231,78,5
3919,1182,56,3
3920,1646,49,5
3921,1424,30,3
3922,1484,47,1
3923,1453,30,3
3924,237,62,4
3925,812,79,3
3926,1116,46,5
3927,956,96,3
3928,858,31,5
3929,758,74,5
3930,1208,24,2
3931,350,91,2
3932,170,47,2
3933,423,55,1
3934,217,100,3
3935,400,62,4
3936,1863,49,2
3937,1054,84,3
3938,772,76,3
3939,1909,29,2
3940,882,15,1
3941,867,49,4
3942,137,72,4
3943,1970,20,5
3944,362,9,4
3945,132,95,2
3946,345,49,3
3947,290,70,2
3948,1997,72,5
3949,699,43,5
3950,543,89,2
3951,1868,16,3
3952,1453,29,2
3953,127,33,2
3954,281,27,2
3955,1127,2,5
3956,1079,58,1
3957,1503,70,3
3958,688,26,5
3959,689,24,4
3960,1235,54,2
3961,1710,65,1
3962,892,30,3
3963,1081,91,3
3964,42,66,3
3965,1171,14,2
3966,115,95,4
3967,1392,37,5
3968,1842,7,4
3969,1112,88,4
3970,1459,49,5
3971,1980,49,5
3972,1079,95,3
3973,94,36,3
3974,1850,70,4
3975,388,1,2
3976,1644,86,5
3977,585,23,4
3978,1190,36,3
3979,1229,94,3
3980,1314,39,5
3981,1750,70,4
3982,577,67,5
3983,1179,9,2
3984,1756,41,3
3985,1555,43,2
3986,1671,2,2
3987,1060,39,5
3988,1486,24,1
3989,218,69,5
3990,1555,73,5
3991,927,91,2
3992,862,23,2
3993,633,28,5
3994,691,90,4
3995,1553,60,1
3996,719,35,2
3997,185,97,3
3998,398,99,3
3999,543,51,3
4000,424,74,5
4001,792,27,5
4002,885,100,5
4003,1908,47,3
4004,1035,16,3
4005,61,49,3
4006,1551,38,4
4007,1879,82,3
4008,1033,24,2
4009,1861,64,3
4010,1967,6,3
4011,1564,60,2
4012,1620,53,1
4013,899,69,5
4014,330,29,2
4015,1220,51,1
4016,1385,20,2
4017,1842,84,3
4018,41,56,4
4019,910,68,2
4020,961,72,2
4021,56,50,3
4022,1144,62,1
4023,1531,88,1
4024,1747,51,3
4025,170,52,2
4026,1504,89,2
4027,74,72,2
4028,333,3,2
4029,863,43,2
4030,1690,34,1
4031,1915,72,3
4032,177,1,3
4033,442,18,3
4034,1126,48,2
4035,1441,30,2
4036,1364,38,3
4037,634,6,1
4038,767,37,1
4039,999,9,4
4040,1547,61,2
4041,366,88,3
4042,539,83,3
4043,322,64,1
4044,1055,73,4
4045,694,23,1
4046,1553,52,1
4047,455,7,4
4048,1998,22,5
4049,1286,74,5
4050,1724,99,1
4051,510,6,5
4052,1027,47,1
4053,1385,80,3
4054,1251,71,2
4055,462,30,3
4056,1617,55,1
4057,667,17,5
4058,1808,15,2
4059,1044,31,5
4060,143,45,2
4061,455,34,5
4062,1850,63,5
4063,1757,78,5
4064,1404,37,1
4065,1741,17,3
4066,1904,57,4
4067,1952,78,3
4068,1277,14,2
4069,424,66,3
4070,1732,74,2
4071,920,60,3
4072,858,13,4
4073,893,80,3
4074,1235,66,1
4075,16,46,4
4076,203,25,3
4077,380,6,1
4078,1166,3,5
4079,1543,61,1
4080,1898,98,5
4081,462,59,2
4082,553,50,1
4083,199,7,5
4084,242,72,3
4085,493,65,2
4086,1905,59,4
4087,306,43,1
4088,1989,56,1
4089,1992,29,1
4090,1467,41,2
4091,791,83,4
4092,81,36,1
4093,1599,29,1
4094,605,23,1
4095,1292,5,5
4096,112,26,3
4097,140,75,4
4098,1541,89,5
4099,1651,69,4
4100,470,75,1
4101,60,40,1
4102,1637,82,3
4103,164,30,4
4104,714,37,5
4105,1447,39,3
4106,1192,62,5
4107,1068,77,3
4108,1931,67,1
4109,1360,45,3
4110,1934,95,4
4111,132,76,1
4112,366,5,1
4113,273,51,4
4114,1709,44,2
4115,211,30,2
4116,1184,82,1
4117,684,30,4
4118,238,56,3
4119,118,33,5
4120,234,25,2
4121,78,52,3
4122,1394,54,5
4123,1668,21,5
4124,262,35,5
4125,39,67,3
4126,744,10,4
4127,1913,24,5
4128,797,34,3
4129,1988,42,4
4130,430,91,1
4131,724,61,3
4132,577,78,2
4133,615,88,1
4134,856,13,5
4135,1502,9,5
4136,917,65,5
4137,1710,58,2
4138,1908,35,5
4139,565,97,5
4140,898,26,3
4141,1966,61,1
4142,278,24,5
4143,490,44,3
4144,272,9,5
4145,1589,18,2
4146,1150,54,1
4147,277,17,1
4148,1642,44,2
4149,658,59,3
4150,1213,62,1
4151,1192,93,2
4152,497,60,1
4153,1711,97,5
4154,1863,40,5
4155,1645,30,4
4156,126,39,5
4157,1321,50,1
4158,843,1,5
4159,1217,77,3
4160,1120,87,1
4161,574,97,1
4162,574,27,4
4163,1872,79,4
4164,888,32,3
4165,469,12,1
4166,196,41,2
4167,418,78,2
4168,1962,58,3
4169,613,67,4
4170,743,55,1
4171,1255,55,5
4172,1869,77,1
4173,227,77,4
4174,961,60,1
4175,1694,12,1
4176,1230,65,3
4177,297,67,3
4178,362,61,1
4179,1129,44,2
4180,249,100,2
4181,1269,71,2
4182,1894,47,2
4183,148,60,4
4184,1573,69,3
4185,1292,65,5
4186,661,39,5
4187,1891,82,3
4188,932,17,2
4189,1899,66,3
4190,1791,85,3
4191,656,41,5
4192,552,11,5
4193,484,8,1
4194,111,53,4
4195,1679,38,1
4196,1443,37,4
4197,874,42,4
4198,1035,61,4
4199,1115,14,4
4200,481,81,1
4201,1391,67,3
4202,528,97,2
4203,824,33,1
4204,1304,91,4
4205,1586,56,3
4206,573,63,3
4207,1793,75,2
4208,737,95,3
4209,732,10,2
4210,1380,63,3
4211,49,96,3
4212,1388,42,3
4213,1391,83,4
4214,186,26,5
4215,1982,95,3
4216,956,81,4
4217,1182,50,5
4218,1878,94,1
4219,1610,66,1
4220,1200,84,2
4221,1281,28,5
4222,403,42,1
4223,113,27,3
4224,348,23,5
4225,577,4,2
4226,1492,33,1
4227,508,1,5
4228,586,12,1
4229,1246,40,2
4230,944,18,4
4231,1495,50,1
4232,1765,16,1
4233,1300,4,1
4234,1079,39,1
4235,524,80,4
4236,1928,76,1
4237,700,74,3
4238,989,67,3
4239,252,71,1
4240,87,30,4
4241,973,95,2
4242,790,74,4
4243,755,4,5
4244,758,33,5
4245,1574,25,3
4246,1215,83,2
4247,1267,69,5
4248,412,38,5
4249,20,94,3
4250,477,67,1
4251,774,56,2
4252,491,47,2
4253,925,40,5
4254,303,77,5
4255,1343,84,5
4256,909,51,4
4257,1253,83,1
4258,854,15,5
4259,191,56,3
4260,1502,100,1
4261,814,75,5
4262,269,30,5
4263,1111,10,3
4264,1090,86,1
4265,1733,78,1
4266,1536,74,4
4267,1244,82,5
4268,1723,45,4
4269,1912,83,5
4270,1091,63,1
4271,1753,18,3
4272,141,87,3
4273,1077,18,3
4274,1637,69,2
4275,1364,66,5
4276,1952,21,2
4277,1284,1,2
4278,1267,36,4
4279,505,82,1
4280,706,70,3
4281,279,42,2
4282,181,22,4
4283,773,61,2
4284,871,54,3
4285,837,100,4
4286,238,47,2
4287,1134,16,1
4288,1767,62,3
4289,982,99,5
4290,1746,55,2
4291,454,23,2
4292,1289,23,4
4293,1390,100,5
4294,980,79,2
4295,153,90,4
4296,618,69,1
4297,866,87,4
4298,50,33,5
4299,1640,47,2
4300,824,2,2
4301,1512,71,4
4302,1270,8,3
4303,1663,96,4
4304,710,46,2
4305,1624,10,3
4306,1546,11,1
4307,76,17,3
4308,1298,21,2
4309,415,17,5
4310,1558,50,4
4311,684,86,5
4312,889,10,5
4313,1885,84,4
4314,732,19,2
4315,1490,82,1
4316,476,41,4
4317,1984,67,4
4318,714,99,2
4319,1045,17,2
4320,362,35,3
4321,483,30,4
4322,319,98,2
4323,717,19,5
4324,1464,35,5
4325,955,37,2
4326,108,35,3
4327,604,30,1
4328,1505,73,3
4329,1370,96,2
4330,169,81,3
4331,1265,37,3
4332,1519,64,3
4333,688,54,4
4334,14,5,3
4335,87,50,4
4336,281,68,3
4337,1453,15,4
4338,991,87,4
4339,1989,16,4
4340,213,97,1
4341,1174,54,4
4342,628,91,2
4343,1132,79,3
4344,1536,4,3
4345,1953,18,3
4346,1694,100,4
4347,293,83,3
4348,1414,81,4
4349,335,55,3
4350,1468,86,3
4351,420,22,2
4352,244,51,1
4353,1003,74,2
4354,1332,50,3
4355,1633,32,3
4356,302,21,5
4357,850,58,3
4358,260,70,4
4359,603,35,4
4360,1233,72,4
4361,1956,55,3
4362,292,78,3
4363,1608,4,5
4364,1228,37,1
4365,663,31,4
4366,1818,93,1
4367,462,39,5
4368,1906,17,3
4369,383,50,4
4370,361,16,4
4371,1728,25,4
4372,241,9,1
4373,1239,47,4
4374,1956,74,3
4375,1125,58,4
4376,763,24,2
4377,772,64,1
4378,1676,69,4
4379,1783,44,5
4380,1782,97,1
4381,660,88,4
4382,184,91,3
4383,1297,48,2
4384,1894,15,3
4385,1063,27,4
4386,276,71,3
4387,652,68,5
4388,1571,18,5
4389,140,27,3
4390,1920,61,1
4391,1429,7,5
4392,119,86,4
4393,356,33,5
4394,1566,64,5
4395,1781,93,5
4396,1977,22,4
4397,1343,70,2
4398,1605,16,4
4399,260,7,1
4400,1529,60,2
4401,442,70,2
4402,185,24,3
4403,517,89,4
4404,952,76,4
4405,1274,7,5
4406,1024,38,3
4407,320,81,4
4408,522,30,4
4409,1488,45,1
4410,1335,51,3
4411,582,67,4
4412,1176,44,4
4413,1909,30,4
4414,437,34,3
4415,1816,95,2
4416,315,30,5
4417,1944,24,4
4418,1818,17,3
4419,1484,90,5
4420,270,78,3
4421,1060,75,2
4422,1688,38,5
4423,1298,87,4
4424,50,55,3
4425,665,97,4
4426,584,89,3
4427,587,79,5
4428,615,88,1
4429,119,79,5
4430,217,62,1
4431,693,91,4
4432,1036,22,3
4433,301,76,4
4434,1569,68,2
4435,130,84,3
4436,273,78,1
4437,276,16,2
4438,1766,33,1
4439,274,75,5
4440,1714,7,5
4441,1115,8,2
4442,1628,27,5
4443,1327,32,3
4444,773,19,3
4445,488,87,4
4446,1158,59,5
4447,112,63,3
4448,1897,27,1
4449,337,42,5
4450,1088,16,5
4451,196,52,3
4452,744,9,2
4453,356,10,3
4454,56,23,3
4455,142,82,5
4456,1704,42,4
4457,280,88,2
4458,1409,61,1
4459,961,31,2
4460,811,49,2
4461,249,18,3
4462,1321,98,5
4463,1059,1,2
4464,1288,13,5
4465,616,17,5
4466,442,84,5
4467,1110,49,4
4468,1576,6,5
4469,1930,68,5
4470,826,51,4
4471,1039,60,2
4472,1564,71,2
4473,1795,34,3
4474,552,85,1
4475,648,93,4
4476,1056,83,1
4477,1042,73,4
4478,1516,96,1
4479,482,95,2
4480,296,4,2
4481,7,56,5
4482,560,36,1
4483,1982,94,1
4484,1388,7,5
4485,1744,74,4
4486,377,70,3
4487,1404,4,4
4488,1016,23,3
4489,547,89,2
4490,1482,64,3
4491,500,33,2
4492,702,28,4
4493,98,35,3
4494,1562,64,2
4495,431,55,2
4496,1544,42,4
4497,46,58,5
4498,1907,89,4
4499,1991,34,2
4500,1134,44,2
4501,906,74,3
4502,374,91,4
4503,1858,28,2
4504,122,11,2
4505,1917,22,3
4506,833,97,2
4507,1970,88,2
4508,2,57,3
4509,1046,74,1
4510,598,65,5
4511,1068,89,2
4512,1697,15,2
4513,1655,83,5
4514,180,81,2
4515,1630,91,4
4516,897,13,5
4517,685,3,5
4518,1299,40,1
4519,863,41,5
4520,1486,73,3
4521,1947,73,2
4522,796,87,2
4523,1580,48,3
4524,279,17,5
4525,1471,62,4
4526,1515,77,4
4527,827,94,2
4528,1615,36,4
4529,796,44,5
4530,1411,99,2
4531,760,10,5
4532,292,3,1
4533,1638,66,2
4534,552,86,3
4535,413,93,1
4536,1173,2,4
4537,108,57,1
4538,921,19,3
4539,1102,77,1
4540,1596,86,2
4541,1497,22,1
4542,1925,68,1
4543,1430,14,2
4544,1833,67,1
4545,1572,64,5
4546,1913,13,3
4547,1252,19,1
4548,1037,4,3
4549,1018,98,5
4550,382,77,2
4551,1020,85,1
4552,1819,34,2
4553,689,84,3
4554,465,65,1
4555,1,62,2
4556,1699,34,1
4557,1782,78,5
4558,226,76,5
4559,565,41,3
4560,698,47,3
4561,1801,21,3
4562,1890,77,5
4563,775,51,2
4564,1727,81,3
4565,1447,93,1
4566,1281,57,1
4567,956,85,3
4568,157,71,4
4569,561,82,5
4570,540,27,4
4571,918,30,4
4572,15,55,3
4573,1597,84,3
4574,1617,8,1
4575,434,55,3
4576,496,88,4
4577,718,43,4
4578,599,67,1
4579,549,24,3
4580,14,85,1
4581,295,84,2
4582,1506,61,5
4583,1271,14,3
4584,561,51,5
4585,1861,42,1
4586,187,76,1
4587,313,47,1
4588,207,32,5
4589,1242,79,5
4590,645,100,5
4591,1939,76,5
4592,1866,5,2
4593,458,45,2
4594,1886,9,2
4595,1038,15,2
4596,287,26,4
4597,532,51,3
4598,1302,68,1
4599,704,92,5
4600,3,27,2
4601,542,67,2
4602,187,88,4
4603,250,3,2
4604,1379,52,3
4605,1704,35,5
4606,121,15,2
4607,604,4,5
4608,1509,41,1
4609,1902,62,2
4610,393,86,2
4611,864,19,4
4612,1680,57,2
4613,717,15,1
4614,1305,7,5
4615,1732,20,5
4616,744,98,4
4617,168,43,3
4618,1927,83,3
4619,176,7,3
4620,1790,18,5
4621,997,35,3
4622,1099,97,1
4623,312,44,2
4624,471,57,4
4625,1460,76,5
4626,1569,69,1
4627,512,33,4
4628,1844,72,4
4629,1401,90,2
4630,1831,3,2
4631,1443,75,4
4632,852,44,1
4633,210,3,1
4634,523,50,1
4635,739,26,4
4636,1995,9,5
4637,1651,61,5
4638,1713,80,2
4639,1469,25,1
4640,193,81,5
4641,1235,69,3
4642,745,13,4
4643,597,96,3
4644,1843,91,1
4645,1831,57,1
4646,380,1,1
4647,1157,91,5
4648,1944,8,5
4649,1213,88,3
4650,509,22,5
4651,1306,7,4
4652,1112,6,5
4653,636,92,3
4654,1226,71,2
4655,42,92,4
4656,1124,51,1
4657,1369,67,1
4658,1399,79,5
4659,1932,67,4
4660,756,76,1
4661,403,47,4
4662,19,98,2
4663,1715,85,4
4664,1192,63,4
4665,199,42,1
4666,1275,26,1
4667,627,5,4
4668,307,1,5
4669,1697,71,4
4670,1671,81,1
4671,327,49,5
4672,962,90,5
4673,601,31,3
4674,349,51,3
4675,1442,83,5
4676,258,31,3
4677,138,97,4
4678,604,15,4
4679,896,30,2
4680,459,60,2
4681,683,95,4
4682,1233,59,5
4683,997,26,1
4684,263,72,5
4685,760,2,2
4686,421,74,1
4687,210,87,2
4688,67,57,3
4689,1487,67,3
4690,1990,26,1
4691,426,74,3
4692,699,83,4
4693,1182,91,3
4694,216,68,1
4695,197,53,4
4696,1495,4,2
4697,1924,49,1
4698,1109,72,4
4699,890,15,2
4700,1456,9,3
4701,193,86,5
4702,1412,23,1
4703,274,92,2
4704,1720,73,1
4705,1840,72,2
4706,1720,37,2
4707,588,73,5
4708,1402,55,5
4709,1829,34,2
4710,818,41,1
4711,756,51,1
4712,1669,97,1
4713,1500,32,2
4714,1608,23,3
4715,610,68,2
4716,1454,66,3
4717,302,59,4
4718,1451,45,4
4719,1282,92,2
4720,1295,92,3
4721,1656,23,3
4722,1009,3,5
4723,930,52,2
4724,891,70,3
4725,1753,100,2
4726,2,66,5
4727,1048,53,1
4728,1327,100,2
4729,11,8,1
4730,257,14,2
4731,384,69,4
4732,1254,33,1
4733,1383,93,3
4734,119,24,3
4735,1664,41,5
4736,1386,21,5
4737,982,98,3
4738,315,83,1
4739,1047,10,3
4740,1202,38,4
4741,604,58,2
4742,1600,9,5
4743,1222,18,2
4744,990,36,3
4745,1869,75,5
4746,81,66,1
4747,378,47,3
4748,316,93,2
4749,31,34,5
4750,814,56,3
4751,917,50,2
4752,1433,50,2
4753,922,8,3
4754,544,34,1
4755,1361,74,2
4756,777,60,2
4757,1104,91,2
4758,519,17,5
4759,1517,44,1
4760,1809,2,4
4761,246,20,2
4762,1795,5,5
4763,573,95,3
4764,1569,1,5
4765,20,80,5
4766,1251,28,4
4767,1787,75,1
4768,1501,46,4
4769,1041,17,2
4770,161,87,1
4771,1243,58,5
4772,1695,57,1
4773,1060,3,5
4774,1666,28,1
4775,76,85,1
4776,356,63,4
4777,541,87,5
4778,969,77,3
4779,875,90,5
4780,609,91,1
4781,1154,52,3
4782,1007,33,2
4783,1641,65,3
4784,718,23,1
4785,188,49,3
4786,553,60,4
4787,475,41,2
4788,1516,89,4
4789,325,13,2
4790,1157,15,4
4791,362,17,1
4792,1345,43,2
4793,17,39,1
4794,438,72,5
4795,122,24,5
4796,641,33,5
4797,41,43,4
4798,691,47,1
4799,1876,75,3
4800,563,65,5
4801,364,42,1
4802,1809,31,1
4803,611,72,1
4804,1852,63,4
4805,725,26,5
4806,861,26,2
4807,1342,75,2
4808,489,59,2
4809,89,75,2
4810,1709,83,5
4811,741,32,2
4812,1439,100,5
4813,293,25,5
4814,1382,94,1
4815,553,11,1
4816,1445,71,5
4817,1174,46,5
4818,1699,1,1
4819,1545,10,3
4820,366,69,1
4821,869,25,3
4822,802,66,3
4823,1416,78,1
4824,1634,53,4
4825,361,60,5
4826,1045,36,2
4827,1938,4,3
4828,1923,9,4
4829,446,56,4
4830,537,13,2
4831,374,98,3
4832,179,3,2
4833,1164,10,2
4834,244,90,3
4835,756,15,1
4836,1763,41,1
4837,389,26,3
4838,1049,2,4
4839,1927,37,3
4840,962,19,1
4841,1233,52,4
4842,964,1,5
4843,403,15,5
4844,1381,36,4
4845,298,24,4
4846,464,16,5
4847,257,82,5
4848,679,26,3
4849,882,53,4
4850,1324,22,5
4851,924,92,2
4852,1359,4,4
4853,1820,4,2
4854,343,87,2
4855,1887,58,5
4856,1058,28,3
4857,1626,58,5
4858,1638,100,2
4859,1061,26,3
4860,1905,23,2
4861,1051,68,1
4862,47,67,4
4863,541,100,1
4864,382,38,5
4865,1575,36,5
4866,859,73,1
4867,731,8,5
4868,1359,48,4
4869,233,58,3
4870,947,96,3
4871,1318,53,1
4872,1345,83,1
4873,675,82,5
4874,1445,21,3
4875,449,92,2
4876,315,1,5
4877,1186,57,5
4878,1496,98,1
4879,1705,86,2
4880,875,21,4
4881,193,78,1
4882,1903,33,4
4883,437,88,4
4884,158,54,4
4885,869,37,4
4886,1819,60,4
4887,1183,99,5
4888,1754,73,1
4889,706,6,4
4890,483,48,2
4891,236,49,4
4892,1273,14,4
4893,1703,53,2
4894,1493,24,1
4895,133,96,4
4896,89,48,4
4897,339,11,2
4898,1941,81,5
4899,1950,89,2
4900,315,99,2
4901,788,80,4
4902,1427,61,4
4903,1976,73,3
4904,1713,34,1
4905,972,49,4
4906,1299,49,5
4907,1322,14,1
4908,989,91,3
4909,87,78,4
4910,223,93,3
4911,1188,91,2
4912,57,62,1
4913,1999,82,2
4914,1449,63,1
4915,1766,69,4
4916,1817,44,4
4917,604,60,5
4918,751,22,3
4919,1787,43,4
4920,617,6,5
4921,21,37,4
4922,1049,38,2
4923,812,7,3
4924,833,75,5
4925,1576,18,5
4926,1813,67,2
4927,278,47,1
4928,1872,83,5
4929,1149,7,4
4930,935,58,5
4931,1130,56,5
4932,1960,82,1
4933,1113,73,1
4934,9,29,2
4935,1916,15,3
4936,766,72,5
4937,1043,46,3
4938,1523,10,3
4939,314,85,5
4940,1879,7,1
4941,960,69,5
4942,541,45,5
4943,428,23,2
4944,305,60,4
4945,1627,1,3
4946,1500,85,4
4947,859,92,1
4948,901,53,4
4949,1083,7,5
4950,1921,25,5
4951,1280,20,4
4952,1875,5,4
4953,125,17,5
4954,845,62,3
4955,870,5,4
4956,118,52,1
4957,1184,10,5
4958,1213,55,3
4959,316,13,3
4960,586,34,2
4961,1937,1,2
4962,1952,54,3
4963,177,70,3
4964,643,18,1
4965,98,9,4
4966,1054,52,2
4967,1762,73,4
4968,287,3,2
4969,1652,3,3
4970,1991,86,4
4971,661,51,3
4972,770,77,5
4973,535,78,2
4974,951,80,4
4975,640,38,3
4976,477,6,5
4977,771,79,3
4978,185,20,5
4979,1611,65,2
4980,751,95,5
4981,1601,36,4
4982,1621,48,1
4983,763,5,1
4984,420,45,5
4985,771,2,2
4986,1750,61,1
4987,1876,96,3
4988,1237,77,1
4989,1252,97,3
4990,787,45,5
4991,518,45,5
4992,987,45,4
4993,512,79,2
4994,1141,79,2
4995,1374,31,1
4996,823,11,2
4997,430,72,1
4998,1526,33,2
4999,937,71,3
5000,1777,10,2
